run_id,model_type,seed,num_ants,mean_arrest_duration,pheromones.pheromone_max_timestep,pheromones.pheromone_radius_multiplier,pheromones.pheromone_threshold,experiment,pheromones.pheromone_decay_rate,pheromones.pheromone_deposition_rate
135,direct,456,128,10.0,3000.0,1.5,4.0,direct_clustering_sweep,,
61,direct,123,128,10.0,3000.0,1.5,2.5,direct_clustering_sweep,,
95,direct,456,64,5.5,3000.0,4.0,4.0,direct_clustering_sweep,,
132,direct,456,128,10.0,3000.0,1.5,1.0,direct_clustering_sweep,,
59,direct,123,128,5.5,3000.0,4.0,4.0,direct_clustering_sweep,,
92,direct,456,64,5.5,3000.0,4.0,1.0,direct_clustering_sweep,,
66,direct,123,128,10.0,3000.0,2.5,3.0,direct_clustering_sweep,,
104,direct,456,64,10.0,3000.0,4.0,1.0,direct_clustering_sweep,,
50,direct,123,128,5.5,3000.0,1.5,3.0,direct_clustering_sweep,,
68,direct,123,128,10.0,3000.0,4.0,1.0,direct_clustering_sweep,,
103,direct,456,64,10.0,3000.0,2.5,4.0,direct_clustering_sweep,,
57,direct,123,128,5.5,3000.0,4.0,2.5,direct_clustering_sweep,,
168,direct,789,64,10.0,3000.0,1.5,1.0,direct_clustering_sweep,,
157,direct,789,64,5.5,3000.0,1.5,2.5,direct_clustering_sweep,,
150,direct,789,64,3.0,3000.0,2.5,3.0,direct_clustering_sweep,,
159,direct,789,64,5.5,3000.0,1.5,4.0,direct_clustering_sweep,,
32,direct,123,64,10.0,3000.0,4.0,1.0,direct_clustering_sweep,,
166,direct,789,64,5.5,3000.0,4.0,3.0,direct_clustering_sweep,,
192,direct,789,128,5.5,3000.0,1.5,1.0,direct_clustering_sweep,,
35,direct,123,64,10.0,3000.0,4.0,4.0,direct_clustering_sweep,,
195,direct,789,128,5.5,3000.0,1.5,4.0,direct_clustering_sweep,,
161,direct,789,64,5.5,3000.0,2.5,2.5,direct_clustering_sweep,,
102,direct,456,64,10.0,3000.0,2.5,3.0,direct_clustering_sweep,,
69,direct,123,128,10.0,3000.0,4.0,2.5,direct_clustering_sweep,,
56,direct,123,128,5.5,3000.0,4.0,1.0,direct_clustering_sweep,,
105,direct,456,64,10.0,3000.0,4.0,2.5,direct_clustering_sweep,,
51,direct,123,128,5.5,3000.0,1.5,4.0,direct_clustering_sweep,,
58,direct,123,128,5.5,3000.0,4.0,3.0,direct_clustering_sweep,,
133,direct,456,128,10.0,3000.0,1.5,2.5,direct_clustering_sweep,,
67,direct,123,128,10.0,3000.0,2.5,4.0,direct_clustering_sweep,,
93,direct,456,64,5.5,3000.0,4.0,2.5,direct_clustering_sweep,,
134,direct,456,128,10.0,3000.0,1.5,3.0,direct_clustering_sweep,,
94,direct,456,64,5.5,3000.0,4.0,3.0,direct_clustering_sweep,,
60,direct,123,128,10.0,3000.0,1.5,1.0,direct_clustering_sweep,,
34,direct,123,64,10.0,3000.0,4.0,3.0,direct_clustering_sweep,,
160,direct,789,64,5.5,3000.0,2.5,1.0,direct_clustering_sweep,,
194,direct,789,128,5.5,3000.0,1.5,3.0,direct_clustering_sweep,,
33,direct,123,64,10.0,3000.0,4.0,2.5,direct_clustering_sweep,,
158,direct,789,64,5.5,3000.0,1.5,3.0,direct_clustering_sweep,,
193,direct,789,128,5.5,3000.0,1.5,2.5,direct_clustering_sweep,,
167,direct,789,64,5.5,3000.0,4.0,4.0,direct_clustering_sweep,,
151,direct,789,64,3.0,3000.0,2.5,4.0,direct_clustering_sweep,,
169,direct,789,64,10.0,3000.0,1.5,2.5,direct_clustering_sweep,,
156,direct,789,64,5.5,3000.0,1.5,1.0,direct_clustering_sweep,,
211,direct,789,128,10.0,3000.0,2.5,4.0,direct_clustering_sweep,,
210,direct,789,128,10.0,3000.0,2.5,3.0,direct_clustering_sweep,,
204,direct,789,128,10.0,3000.0,1.5,1.0,direct_clustering_sweep,,
203,direct,789,128,5.5,3000.0,4.0,4.0,direct_clustering_sweep,,
202,direct,789,128,5.5,3000.0,4.0,3.0,direct_clustering_sweep,,
205,direct,789,128,10.0,3000.0,1.5,2.5,direct_clustering_sweep,,
174,direct,789,64,10.0,3000.0,2.5,3.0,direct_clustering_sweep,,
180,direct,789,128,3.0,3000.0,1.5,1.0,direct_clustering_sweep,,
20,direct,123,64,5.5,3000.0,4.0,1.0,direct_clustering_sweep,,
187,direct,789,128,3.0,3000.0,2.5,4.0,direct_clustering_sweep,,
18,direct,123,64,5.5,3000.0,2.5,3.0,direct_clustering_sweep,,
173,direct,789,64,10.0,3000.0,2.5,2.5,direct_clustering_sweep,,
27,direct,123,64,10.0,3000.0,1.5,4.0,direct_clustering_sweep,,
9,direct,123,64,3.0,3000.0,4.0,2.5,direct_clustering_sweep,,
0,direct,123,64,3.0,3000.0,1.5,1.0,direct_clustering_sweep,,
145,direct,789,64,3.0,3000.0,1.5,2.5,direct_clustering_sweep,,
11,direct,123,64,3.0,3000.0,4.0,4.0,direct_clustering_sweep,,
142,direct,456,128,10.0,3000.0,4.0,3.0,direct_clustering_sweep,,
7,direct,123,64,3.0,3000.0,2.5,4.0,direct_clustering_sweep,,
29,direct,123,64,10.0,3000.0,2.5,2.5,direct_clustering_sweep,,
16,direct,123,64,5.5,3000.0,2.5,1.0,direct_clustering_sweep,,
189,direct,789,128,3.0,3000.0,4.0,2.5,direct_clustering_sweep,,
129,direct,456,128,5.5,3000.0,4.0,2.5,direct_clustering_sweep,,
42,direct,123,128,3.0,3000.0,2.5,3.0,direct_clustering_sweep,,
89,direct,456,64,5.5,3000.0,2.5,2.5,direct_clustering_sweep,,
116,direct,456,128,3.0,3000.0,4.0,1.0,direct_clustering_sweep,,
45,direct,123,128,3.0,3000.0,4.0,2.5,direct_clustering_sweep,,
111,direct,456,128,3.0,3000.0,1.5,4.0,direct_clustering_sweep,,
73,direct,456,64,3.0,3000.0,1.5,2.5,direct_clustering_sweep,,
118,direct,456,128,3.0,3000.0,4.0,3.0,direct_clustering_sweep,,
87,direct,456,64,5.5,3000.0,1.5,4.0,direct_clustering_sweep,,
127,direct,456,128,5.5,3000.0,2.5,4.0,direct_clustering_sweep,,
80,direct,456,64,3.0,3000.0,4.0,1.0,direct_clustering_sweep,,
74,direct,456,64,3.0,3000.0,1.5,3.0,direct_clustering_sweep,,
120,direct,456,128,5.5,3000.0,1.5,1.0,direct_clustering_sweep,,
6,direct,123,64,3.0,3000.0,2.5,3.0,direct_clustering_sweep,,
28,direct,123,64,10.0,3000.0,2.5,1.0,direct_clustering_sweep,,
143,direct,456,128,10.0,3000.0,4.0,4.0,direct_clustering_sweep,,
17,direct,123,64,5.5,3000.0,2.5,2.5,direct_clustering_sweep,,
188,direct,789,128,3.0,3000.0,4.0,1.0,direct_clustering_sweep,,
144,direct,789,64,3.0,3000.0,1.5,1.0,direct_clustering_sweep,,
1,direct,123,64,3.0,3000.0,1.5,2.5,direct_clustering_sweep,,
10,direct,123,64,3.0,3000.0,4.0,3.0,direct_clustering_sweep,,
172,direct,789,64,10.0,3000.0,2.5,1.0,direct_clustering_sweep,,
186,direct,789,128,3.0,3000.0,2.5,3.0,direct_clustering_sweep,,
19,direct,123,64,5.5,3000.0,2.5,4.0,direct_clustering_sweep,,
26,direct,123,64,10.0,3000.0,1.5,3.0,direct_clustering_sweep,,
8,direct,123,64,3.0,3000.0,4.0,1.0,direct_clustering_sweep,,
181,direct,789,128,3.0,3000.0,1.5,2.5,direct_clustering_sweep,,
175,direct,789,64,10.0,3000.0,2.5,4.0,direct_clustering_sweep,,
21,direct,123,64,5.5,3000.0,4.0,2.5,direct_clustering_sweep,,
75,direct,456,64,3.0,3000.0,1.5,4.0,direct_clustering_sweep,,
81,direct,456,64,3.0,3000.0,4.0,2.5,direct_clustering_sweep,,
121,direct,456,128,5.5,3000.0,1.5,2.5,direct_clustering_sweep,,
119,direct,456,128,3.0,3000.0,4.0,4.0,direct_clustering_sweep,,
86,direct,456,64,5.5,3000.0,1.5,3.0,direct_clustering_sweep,,
72,direct,456,64,3.0,3000.0,1.5,1.0,direct_clustering_sweep,,
126,direct,456,128,5.5,3000.0,2.5,3.0,direct_clustering_sweep,,
44,direct,123,128,3.0,3000.0,4.0,1.0,direct_clustering_sweep,,
110,direct,456,128,3.0,3000.0,1.5,3.0,direct_clustering_sweep,,
43,direct,123,128,3.0,3000.0,2.5,4.0,direct_clustering_sweep,,
128,direct,456,128,5.5,3000.0,4.0,1.0,direct_clustering_sweep,,
88,direct,456,64,5.5,3000.0,2.5,1.0,direct_clustering_sweep,,
117,direct,456,128,3.0,3000.0,4.0,2.5,direct_clustering_sweep,,
198,direct,789,128,5.5,3000.0,2.5,3.0,direct_clustering_sweep,,
153,direct,789,64,3.0,3000.0,4.0,2.5,direct_clustering_sweep,,
38,direct,123,128,3.0,3000.0,1.5,3.0,direct_clustering_sweep,,
154,direct,789,64,3.0,3000.0,4.0,3.0,direct_clustering_sweep,,
36,direct,123,128,3.0,3000.0,1.5,1.0,direct_clustering_sweep,,
196,direct,789,128,5.5,3000.0,2.5,1.0,direct_clustering_sweep,,
162,direct,789,64,5.5,3000.0,2.5,3.0,direct_clustering_sweep,,
31,direct,123,64,10.0,3000.0,2.5,4.0,direct_clustering_sweep,,
165,direct,789,64,5.5,3000.0,4.0,2.5,direct_clustering_sweep,,
191,direct,789,128,3.0,3000.0,4.0,4.0,direct_clustering_sweep,,
131,direct,456,128,5.5,3000.0,4.0,4.0,direct_clustering_sweep,,
91,direct,456,64,5.5,3000.0,2.5,4.0,direct_clustering_sweep,,
65,direct,123,128,10.0,3000.0,2.5,2.5,direct_clustering_sweep,,
136,direct,456,128,10.0,3000.0,2.5,1.0,direct_clustering_sweep,,
62,direct,123,128,10.0,3000.0,1.5,3.0,direct_clustering_sweep,,
96,direct,456,64,10.0,3000.0,1.5,1.0,direct_clustering_sweep,,
109,direct,456,128,3.0,3000.0,1.5,2.5,direct_clustering_sweep,,
100,direct,456,64,10.0,3000.0,2.5,1.0,direct_clustering_sweep,,
54,direct,123,128,5.5,3000.0,2.5,3.0,direct_clustering_sweep,,
107,direct,456,64,10.0,3000.0,4.0,4.0,direct_clustering_sweep,,
98,direct,456,64,10.0,3000.0,1.5,3.0,direct_clustering_sweep,,
138,direct,456,128,10.0,3000.0,2.5,3.0,direct_clustering_sweep,,
53,direct,123,128,5.5,3000.0,2.5,2.5,direct_clustering_sweep,,
30,direct,123,64,10.0,3000.0,2.5,3.0,direct_clustering_sweep,,
190,direct,789,128,3.0,3000.0,4.0,3.0,direct_clustering_sweep,,
164,direct,789,64,5.5,3000.0,4.0,1.0,direct_clustering_sweep,,
37,direct,123,128,3.0,3000.0,1.5,2.5,direct_clustering_sweep,,
163,direct,789,64,5.5,3000.0,2.5,4.0,direct_clustering_sweep,,
197,direct,789,128,5.5,3000.0,2.5,2.5,direct_clustering_sweep,,
155,direct,789,64,3.0,3000.0,4.0,4.0,direct_clustering_sweep,,
199,direct,789,128,5.5,3000.0,2.5,4.0,direct_clustering_sweep,,
39,direct,123,128,3.0,3000.0,1.5,4.0,direct_clustering_sweep,,
152,direct,789,64,3.0,3000.0,4.0,1.0,direct_clustering_sweep,,
106,direct,456,64,10.0,3000.0,4.0,3.0,direct_clustering_sweep,,
99,direct,456,64,10.0,3000.0,1.5,4.0,direct_clustering_sweep,,
52,direct,123,128,5.5,3000.0,2.5,1.0,direct_clustering_sweep,,
139,direct,456,128,10.0,3000.0,2.5,4.0,direct_clustering_sweep,,
101,direct,456,64,10.0,3000.0,2.5,2.5,direct_clustering_sweep,,
55,direct,123,128,5.5,3000.0,2.5,4.0,direct_clustering_sweep,,
137,direct,456,128,10.0,3000.0,2.5,2.5,direct_clustering_sweep,,
97,direct,456,64,10.0,3000.0,1.5,2.5,direct_clustering_sweep,,
108,direct,456,128,3.0,3000.0,1.5,1.0,direct_clustering_sweep,,
63,direct,123,128,10.0,3000.0,1.5,4.0,direct_clustering_sweep,,
130,direct,456,128,5.5,3000.0,4.0,3.0,direct_clustering_sweep,,
64,direct,123,128,10.0,3000.0,2.5,1.0,direct_clustering_sweep,,
90,direct,456,64,5.5,3000.0,2.5,3.0,direct_clustering_sweep,,
212,direct,789,128,10.0,3000.0,4.0,1.0,direct_clustering_sweep,,
215,direct,789,128,10.0,3000.0,4.0,4.0,direct_clustering_sweep,,
214,direct,789,128,10.0,3000.0,4.0,3.0,direct_clustering_sweep,,
213,direct,789,128,10.0,3000.0,4.0,2.5,direct_clustering_sweep,,
209,direct,789,128,10.0,3000.0,2.5,2.5,direct_clustering_sweep,,
200,direct,789,128,5.5,3000.0,4.0,1.0,direct_clustering_sweep,,
207,direct,789,128,10.0,3000.0,1.5,4.0,direct_clustering_sweep,,
206,direct,789,128,10.0,3000.0,1.5,3.0,direct_clustering_sweep,,
201,direct,789,128,5.5,3000.0,4.0,2.5,direct_clustering_sweep,,
208,direct,789,128,10.0,3000.0,2.5,1.0,direct_clustering_sweep,,
46,direct,123,128,3.0,3000.0,4.0,3.0,direct_clustering_sweep,,
79,direct,456,64,3.0,3000.0,2.5,4.0,direct_clustering_sweep,,
112,direct,456,128,3.0,3000.0,2.5,1.0,direct_clustering_sweep,,
41,direct,123,128,3.0,3000.0,2.5,2.5,direct_clustering_sweep,,
115,direct,456,128,3.0,3000.0,2.5,4.0,direct_clustering_sweep,,
83,direct,456,64,3.0,3000.0,4.0,4.0,direct_clustering_sweep,,
77,direct,456,64,3.0,3000.0,2.5,2.5,direct_clustering_sweep,,
123,direct,456,128,5.5,3000.0,1.5,4.0,direct_clustering_sweep,,
48,direct,123,128,5.5,3000.0,1.5,1.0,direct_clustering_sweep,,
70,direct,123,128,10.0,3000.0,4.0,3.0,direct_clustering_sweep,,
84,direct,456,64,5.5,3000.0,1.5,1.0,direct_clustering_sweep,,
124,direct,456,128,5.5,3000.0,2.5,1.0,direct_clustering_sweep,,
184,direct,789,128,3.0,3000.0,2.5,1.0,direct_clustering_sweep,,
170,direct,789,64,10.0,3000.0,1.5,3.0,direct_clustering_sweep,,
24,direct,123,64,10.0,3000.0,1.5,1.0,direct_clustering_sweep,,
177,direct,789,64,10.0,3000.0,4.0,2.5,direct_clustering_sweep,,
183,direct,789,128,3.0,3000.0,1.5,4.0,direct_clustering_sweep,,
148,direct,789,64,3.0,3000.0,2.5,1.0,direct_clustering_sweep,,
23,direct,123,64,5.5,3000.0,4.0,4.0,direct_clustering_sweep,,
141,direct,456,128,10.0,3000.0,4.0,2.5,direct_clustering_sweep,,
4,direct,123,64,3.0,3000.0,2.5,1.0,direct_clustering_sweep,,
15,direct,123,64,5.5,3000.0,1.5,4.0,direct_clustering_sweep,,
3,direct,123,64,3.0,3000.0,1.5,4.0,direct_clustering_sweep,,
146,direct,789,64,3.0,3000.0,1.5,3.0,direct_clustering_sweep,,
12,direct,123,64,5.5,3000.0,1.5,1.0,direct_clustering_sweep,,
179,direct,789,64,10.0,3000.0,4.0,4.0,direct_clustering_sweep,,
85,direct,456,64,5.5,3000.0,1.5,2.5,direct_clustering_sweep,,
71,direct,123,128,10.0,3000.0,4.0,4.0,direct_clustering_sweep,,
125,direct,456,128,5.5,3000.0,2.5,2.5,direct_clustering_sweep,,
76,direct,456,64,3.0,3000.0,2.5,1.0,direct_clustering_sweep,,
82,direct,456,64,3.0,3000.0,4.0,3.0,direct_clustering_sweep,,
49,direct,123,128,5.5,3000.0,1.5,2.5,direct_clustering_sweep,,
122,direct,456,128,5.5,3000.0,1.5,3.0,direct_clustering_sweep,,
40,direct,123,128,3.0,3000.0,2.5,1.0,direct_clustering_sweep,,
114,direct,456,128,3.0,3000.0,2.5,3.0,direct_clustering_sweep,,
47,direct,123,128,3.0,3000.0,4.0,4.0,direct_clustering_sweep,,
113,direct,456,128,3.0,3000.0,2.5,2.5,direct_clustering_sweep,,
78,direct,456,64,3.0,3000.0,2.5,3.0,direct_clustering_sweep,,
147,direct,789,64,3.0,3000.0,1.5,4.0,direct_clustering_sweep,,
2,direct,123,64,3.0,3000.0,1.5,3.0,direct_clustering_sweep,,
178,direct,789,64,10.0,3000.0,4.0,3.0,direct_clustering_sweep,,
13,direct,123,64,5.5,3000.0,1.5,2.5,direct_clustering_sweep,,
5,direct,123,64,3.0,3000.0,2.5,2.5,direct_clustering_sweep,,
140,direct,456,128,10.0,3000.0,4.0,1.0,direct_clustering_sweep,,
14,direct,123,64,5.5,3000.0,1.5,3.0,direct_clustering_sweep,,
182,direct,789,128,3.0,3000.0,1.5,3.0,direct_clustering_sweep,,
176,direct,789,64,10.0,3000.0,4.0,1.0,direct_clustering_sweep,,
22,direct,123,64,5.5,3000.0,4.0,3.0,direct_clustering_sweep,,
149,direct,789,64,3.0,3000.0,2.5,2.5,direct_clustering_sweep,,
171,direct,789,64,10.0,3000.0,1.5,4.0,direct_clustering_sweep,,
185,direct,789,128,3.0,3000.0,2.5,2.5,direct_clustering_sweep,,
25,direct,123,64,10.0,3000.0,1.5,2.5,direct_clustering_sweep,,
135,stigmergy,123,64,5.5,,3.5,3.0,stigmergy_decay_threshold_sweep,0.9,1.0
307,stigmergy,123,128,3.0,,3.5,3.0,stigmergy_decay_threshold_sweep,0.95,2.0
61,stigmergy,123,64,3.0,,3.5,9.0,stigmergy_decay_threshold_sweep,0.9,2.0
95,stigmergy,123,64,5.5,,1.5,6.0,stigmergy_decay_threshold_sweep,0.95,3.0
338,stigmergy,123,128,5.5,,1.5,6.0,stigmergy_decay_threshold_sweep,0.95,3.0
300,stigmergy,123,128,3.0,,3.5,6.0,stigmergy_decay_threshold_sweep,0.9,1.0
132,stigmergy,123,64,5.5,,2.5,9.0,stigmergy_decay_threshold_sweep,0.99,1.0
59,stigmergy,123,64,3.0,,3.5,6.0,stigmergy_decay_threshold_sweep,0.9,3.0
92,stigmergy,123,64,5.5,,1.5,3.0,stigmergy_decay_threshold_sweep,0.95,3.0
66,stigmergy,123,64,3.0,,3.5,6.0,stigmergy_decay_threshold_sweep,0.95,1.0
336,stigmergy,123,128,5.5,,1.5,6.0,stigmergy_decay_threshold_sweep,0.95,1.0
104,stigmergy,123,64,5.5,,1.5,6.0,stigmergy_decay_threshold_sweep,0.99,3.0
309,stigmergy,123,128,3.0,,3.5,6.0,stigmergy_decay_threshold_sweep,0.95,1.0
50,stigmergy,123,64,3.0,,2.5,6.0,stigmergy_decay_threshold_sweep,0.99,3.0
68,stigmergy,123,64,3.0,,3.5,6.0,stigmergy_decay_threshold_sweep,0.95,3.0
103,stigmergy,123,64,5.5,,1.5,6.0,stigmergy_decay_threshold_sweep,0.99,2.0
331,stigmergy,123,128,5.5,,1.5,9.0,stigmergy_decay_threshold_sweep,0.9,2.0
57,stigmergy,123,64,3.0,,3.5,6.0,stigmergy_decay_threshold_sweep,0.9,1.0
168,stigmergy,123,64,10.0,,1.5,9.0,stigmergy_decay_threshold_sweep,0.9,1.0
391,stigmergy,123,128,5.5,,3.5,6.0,stigmergy_decay_threshold_sweep,0.95,2.0
365,stigmergy,123,128,5.5,,2.5,6.0,stigmergy_decay_threshold_sweep,0.95,3.0
157,stigmergy,123,64,5.5,,3.5,6.0,stigmergy_decay_threshold_sweep,0.99,2.0
150,stigmergy,123,64,5.5,,3.5,9.0,stigmergy_decay_threshold_sweep,0.95,1.0
362,stigmergy,123,128,5.5,,2.5,3.0,stigmergy_decay_threshold_sweep,0.95,3.0
159,stigmergy,123,64,5.5,,3.5,9.0,stigmergy_decay_threshold_sweep,0.99,1.0
32,stigmergy,123,64,3.0,,2.5,6.0,stigmergy_decay_threshold_sweep,0.9,3.0
166,stigmergy,123,64,10.0,,1.5,6.0,stigmergy_decay_threshold_sweep,0.9,2.0
354,stigmergy,123,128,5.5,,2.5,6.0,stigmergy_decay_threshold_sweep,0.9,1.0
192,stigmergy,123,64,10.0,,2.5,6.0,stigmergy_decay_threshold_sweep,0.9,1.0
35,stigmergy,123,64,3.0,,2.5,9.0,stigmergy_decay_threshold_sweep,0.9,3.0
195,stigmergy,123,64,10.0,,2.5,9.0,stigmergy_decay_threshold_sweep,0.9,1.0
353,stigmergy,123,128,5.5,,2.5,3.0,stigmergy_decay_threshold_sweep,0.9,3.0
161,stigmergy,123,64,5.5,,3.5,9.0,stigmergy_decay_threshold_sweep,0.99,3.0
330,stigmergy,123,128,5.5,,1.5,9.0,stigmergy_decay_threshold_sweep,0.9,1.0
102,stigmergy,123,64,5.5,,1.5,6.0,stigmergy_decay_threshold_sweep,0.99,1.0
69,stigmergy,123,64,3.0,,3.5,9.0,stigmergy_decay_threshold_sweep,0.95,1.0
56,stigmergy,123,64,3.0,,3.5,3.0,stigmergy_decay_threshold_sweep,0.9,3.0
105,stigmergy,123,64,5.5,,1.5,9.0,stigmergy_decay_threshold_sweep,0.99,1.0
337,stigmergy,123,128,5.5,,1.5,6.0,stigmergy_decay_threshold_sweep,0.95,2.0
51,stigmergy,123,64,3.0,,2.5,9.0,stigmergy_decay_threshold_sweep,0.99,1.0
308,stigmergy,123,128,3.0,,3.5,3.0,stigmergy_decay_threshold_sweep,0.95,3.0
58,stigmergy,123,64,3.0,,3.5,6.0,stigmergy_decay_threshold_sweep,0.9,2.0
133,stigmergy,123,64,5.5,,2.5,9.0,stigmergy_decay_threshold_sweep,0.99,2.0
301,stigmergy,123,128,3.0,,3.5,6.0,stigmergy_decay_threshold_sweep,0.9,2.0
67,stigmergy,123,64,3.0,,3.5,6.0,stigmergy_decay_threshold_sweep,0.95,2.0
93,stigmergy,123,64,5.5,,1.5,6.0,stigmergy_decay_threshold_sweep,0.95,1.0
306,stigmergy,123,128,3.0,,3.5,3.0,stigmergy_decay_threshold_sweep,0.95,1.0
134,stigmergy,123,64,5.5,,2.5,9.0,stigmergy_decay_threshold_sweep,0.99,3.0
94,stigmergy,123,64,5.5,,1.5,6.0,stigmergy_decay_threshold_sweep,0.95,2.0
339,stigmergy,123,128,5.5,,1.5,9.0,stigmergy_decay_threshold_sweep,0.95,1.0
60,stigmergy,123,64,3.0,,3.5,9.0,stigmergy_decay_threshold_sweep,0.9,1.0
34,stigmergy,123,64,3.0,,2.5,9.0,stigmergy_decay_threshold_sweep,0.9,2.0
160,stigmergy,123,64,5.5,,3.5,9.0,stigmergy_decay_threshold_sweep,0.99,2.0
352,stigmergy,123,128,5.5,,2.5,3.0,stigmergy_decay_threshold_sweep,0.9,2.0
194,stigmergy,123,64,10.0,,2.5,6.0,stigmergy_decay_threshold_sweep,0.9,3.0
33,stigmergy,123,64,3.0,,2.5,9.0,stigmergy_decay_threshold_sweep,0.9,1.0
158,stigmergy,123,64,5.5,,3.5,6.0,stigmergy_decay_threshold_sweep,0.99,3.0
193,stigmergy,123,64,10.0,,2.5,6.0,stigmergy_decay_threshold_sweep,0.9,2.0
355,stigmergy,123,128,5.5,,2.5,6.0,stigmergy_decay_threshold_sweep,0.9,2.0
167,stigmergy,123,64,10.0,,1.5,6.0,stigmergy_decay_threshold_sweep,0.9,3.0
363,stigmergy,123,128,5.5,,2.5,6.0,stigmergy_decay_threshold_sweep,0.95,1.0
151,stigmergy,123,64,5.5,,3.5,9.0,stigmergy_decay_threshold_sweep,0.95,2.0
169,stigmergy,123,64,10.0,,1.5,9.0,stigmergy_decay_threshold_sweep,0.9,2.0
156,stigmergy,123,64,5.5,,3.5,6.0,stigmergy_decay_threshold_sweep,0.99,1.0
364,stigmergy,123,128,5.5,,2.5,6.0,stigmergy_decay_threshold_sweep,0.95,2.0
390,stigmergy,123,128,5.5,,3.5,6.0,stigmergy_decay_threshold_sweep,0.95,1.0
216,stigmergy,123,64,10.0,,3.5,3.0,stigmergy_decay_threshold_sweep,0.9,1.0
229,stigmergy,123,64,10.0,,3.5,6.0,stigmergy_decay_threshold_sweep,0.95,2.0
211,stigmergy,123,64,10.0,,2.5,6.0,stigmergy_decay_threshold_sweep,0.99,2.0
227,stigmergy,123,64,10.0,,3.5,3.0,stigmergy_decay_threshold_sweep,0.95,3.0
218,stigmergy,123,64,10.0,,3.5,3.0,stigmergy_decay_threshold_sweep,0.9,3.0
220,stigmergy,123,64,10.0,,3.5,6.0,stigmergy_decay_threshold_sweep,0.9,2.0
280,stigmergy,123,128,3.0,,2.5,3.0,stigmergy_decay_threshold_sweep,0.95,2.0
274,stigmergy,123,128,3.0,,2.5,6.0,stigmergy_decay_threshold_sweep,0.9,2.0
273,stigmergy,123,128,3.0,,2.5,6.0,stigmergy_decay_threshold_sweep,0.9,1.0
287,stigmergy,123,128,3.0,,2.5,9.0,stigmergy_decay_threshold_sweep,0.95,3.0
245,stigmergy,123,128,3.0,,1.5,3.0,stigmergy_decay_threshold_sweep,0.9,3.0
289,stigmergy,123,128,3.0,,2.5,3.0,stigmergy_decay_threshold_sweep,0.99,2.0
242,stigmergy,123,64,10.0,,3.5,9.0,stigmergy_decay_threshold_sweep,0.99,3.0
221,stigmergy,123,64,10.0,,3.5,6.0,stigmergy_decay_threshold_sweep,0.9,3.0
226,stigmergy,123,64,10.0,,3.5,3.0,stigmergy_decay_threshold_sweep,0.95,2.0
219,stigmergy,123,64,10.0,,3.5,6.0,stigmergy_decay_threshold_sweep,0.9,1.0
210,stigmergy,123,64,10.0,,2.5,6.0,stigmergy_decay_threshold_sweep,0.99,1.0
217,stigmergy,123,64,10.0,,3.5,3.0,stigmergy_decay_threshold_sweep,0.9,2.0
228,stigmergy,123,64,10.0,,3.5,6.0,stigmergy_decay_threshold_sweep,0.95,1.0
288,stigmergy,123,128,3.0,,2.5,3.0,stigmergy_decay_threshold_sweep,0.99,1.0
243,stigmergy,123,128,3.0,,1.5,3.0,stigmergy_decay_threshold_sweep,0.9,1.0
244,stigmergy,123,128,3.0,,1.5,3.0,stigmergy_decay_threshold_sweep,0.9,2.0
286,stigmergy,123,128,3.0,,2.5,9.0,stigmergy_decay_threshold_sweep,0.95,2.0
272,stigmergy,123,128,3.0,,2.5,3.0,stigmergy_decay_threshold_sweep,0.9,3.0
275,stigmergy,123,128,3.0,,2.5,6.0,stigmergy_decay_threshold_sweep,0.9,3.0
281,stigmergy,123,128,3.0,,2.5,3.0,stigmergy_decay_threshold_sweep,0.95,3.0
257,stigmergy,123,128,3.0,,1.5,6.0,stigmergy_decay_threshold_sweep,0.95,3.0
268,stigmergy,123,128,3.0,,1.5,9.0,stigmergy_decay_threshold_sweep,0.99,2.0
250,stigmergy,123,128,3.0,,1.5,9.0,stigmergy_decay_threshold_sweep,0.9,2.0
292,stigmergy,123,128,3.0,,2.5,6.0,stigmergy_decay_threshold_sweep,0.99,2.0
266,stigmergy,123,128,3.0,,1.5,6.0,stigmergy_decay_threshold_sweep,0.99,3.0
259,stigmergy,123,128,3.0,,1.5,9.0,stigmergy_decay_threshold_sweep,0.95,2.0
261,stigmergy,123,128,3.0,,1.5,3.0,stigmergy_decay_threshold_sweep,0.99,1.0
295,stigmergy,123,128,3.0,,2.5,9.0,stigmergy_decay_threshold_sweep,0.99,2.0
235,stigmergy,123,64,10.0,,3.5,3.0,stigmergy_decay_threshold_sweep,0.99,2.0
232,stigmergy,123,64,10.0,,3.5,9.0,stigmergy_decay_threshold_sweep,0.95,2.0
204,stigmergy,123,64,10.0,,2.5,9.0,stigmergy_decay_threshold_sweep,0.95,1.0
203,stigmergy,123,64,10.0,,2.5,6.0,stigmergy_decay_threshold_sweep,0.95,3.0
294,stigmergy,123,128,3.0,,2.5,9.0,stigmergy_decay_threshold_sweep,0.99,1.0
260,stigmergy,123,128,3.0,,1.5,9.0,stigmergy_decay_threshold_sweep,0.95,3.0
267,stigmergy,123,128,3.0,,1.5,9.0,stigmergy_decay_threshold_sweep,0.99,1.0
293,stigmergy,123,128,3.0,,2.5,6.0,stigmergy_decay_threshold_sweep,0.99,3.0
258,stigmergy,123,128,3.0,,1.5,9.0,stigmergy_decay_threshold_sweep,0.95,1.0
251,stigmergy,123,128,3.0,,1.5,9.0,stigmergy_decay_threshold_sweep,0.9,3.0
256,stigmergy,123,128,3.0,,1.5,6.0,stigmergy_decay_threshold_sweep,0.95,2.0
269,stigmergy,123,128,3.0,,1.5,9.0,stigmergy_decay_threshold_sweep,0.99,3.0
202,stigmergy,123,64,10.0,,2.5,6.0,stigmergy_decay_threshold_sweep,0.95,2.0
205,stigmergy,123,64,10.0,,2.5,9.0,stigmergy_decay_threshold_sweep,0.95,2.0
233,stigmergy,123,64,10.0,,3.5,9.0,stigmergy_decay_threshold_sweep,0.95,3.0
234,stigmergy,123,64,10.0,,3.5,3.0,stigmergy_decay_threshold_sweep,0.99,1.0
346,stigmergy,123,128,5.5,,1.5,6.0,stigmergy_decay_threshold_sweep,0.99,2.0
174,stigmergy,123,64,10.0,,1.5,6.0,stigmergy_decay_threshold_sweep,0.95,1.0
180,stigmergy,123,64,10.0,,1.5,3.0,stigmergy_decay_threshold_sweep,0.99,1.0
379,stigmergy,123,128,5.5,,3.5,3.0,stigmergy_decay_threshold_sweep,0.9,2.0
20,stigmergy,123,64,3.0,,1.5,3.0,stigmergy_decay_threshold_sweep,0.99,3.0
187,stigmergy,123,64,10.0,,1.5,9.0,stigmergy_decay_threshold_sweep,0.99,2.0
18,stigmergy,123,64,3.0,,1.5,3.0,stigmergy_decay_threshold_sweep,0.99,1.0
173,stigmergy,123,64,10.0,,1.5,3.0,stigmergy_decay_threshold_sweep,0.95,3.0
341,stigmergy,123,128,5.5,,1.5,9.0,stigmergy_decay_threshold_sweep,0.95,3.0
27,stigmergy,123,64,3.0,,2.5,3.0,stigmergy_decay_threshold_sweep,0.9,1.0
9,stigmergy,123,64,3.0,,1.5,3.0,stigmergy_decay_threshold_sweep,0.95,1.0
0,stigmergy,123,64,3.0,,1.5,3.0,stigmergy_decay_threshold_sweep,0.9,1.0
383,stigmergy,123,128,5.5,,3.5,6.0,stigmergy_decay_threshold_sweep,0.9,3.0
145,stigmergy,123,64,5.5,,3.5,3.0,stigmergy_decay_threshold_sweep,0.95,2.0
377,stigmergy,123,128,5.5,,2.5,9.0,stigmergy_decay_threshold_sweep,0.99,3.0
11,stigmergy,123,64,3.0,,1.5,3.0,stigmergy_decay_threshold_sweep,0.95,3.0
348,stigmergy,123,128,5.5,,1.5,9.0,stigmergy_decay_threshold_sweep,0.99,1.0
370,stigmergy,123,128,5.5,,2.5,3.0,stigmergy_decay_threshold_sweep,0.99,2.0
142,stigmergy,123,64,5.5,,3.5,9.0,stigmergy_decay_threshold_sweep,0.9,2.0
384,stigmergy,123,128,5.5,,3.5,9.0,stigmergy_decay_threshold_sweep,0.9,1.0
7,stigmergy,123,64,3.0,,1.5,9.0,stigmergy_decay_threshold_sweep,0.9,2.0
29,stigmergy,123,64,3.0,,2.5,3.0,stigmergy_decay_threshold_sweep,0.9,3.0
16,stigmergy,123,64,3.0,,1.5,9.0,stigmergy_decay_threshold_sweep,0.95,2.0
189,stigmergy,123,64,10.0,,2.5,3.0,stigmergy_decay_threshold_sweep,0.9,1.0
129,stigmergy,123,64,5.5,,2.5,6.0,stigmergy_decay_threshold_sweep,0.99,1.0
42,stigmergy,123,64,3.0,,2.5,9.0,stigmergy_decay_threshold_sweep,0.95,1.0
89,stigmergy,123,64,5.5,,1.5,9.0,stigmergy_decay_threshold_sweep,0.9,3.0
116,stigmergy,123,64,5.5,,2.5,9.0,stigmergy_decay_threshold_sweep,0.9,3.0
324,stigmergy,123,128,5.5,,1.5,3.0,stigmergy_decay_threshold_sweep,0.9,1.0
45,stigmergy,123,64,3.0,,2.5,3.0,stigmergy_decay_threshold_sweep,0.99,1.0
323,stigmergy,123,128,3.0,,3.5,9.0,stigmergy_decay_threshold_sweep,0.99,3.0
111,stigmergy,123,64,5.5,,2.5,6.0,stigmergy_decay_threshold_sweep,0.9,1.0
73,stigmergy,123,64,3.0,,3.5,3.0,stigmergy_decay_threshold_sweep,0.99,2.0
118,stigmergy,123,64,5.5,,2.5,3.0,stigmergy_decay_threshold_sweep,0.95,2.0
87,stigmergy,123,64,5.5,,1.5,9.0,stigmergy_decay_threshold_sweep,0.9,1.0
315,stigmergy,123,128,3.0,,3.5,3.0,stigmergy_decay_threshold_sweep,0.99,1.0
127,stigmergy,123,64,5.5,,2.5,3.0,stigmergy_decay_threshold_sweep,0.99,2.0
80,stigmergy,123,64,3.0,,3.5,9.0,stigmergy_decay_threshold_sweep,0.99,3.0
74,stigmergy,123,64,3.0,,3.5,3.0,stigmergy_decay_threshold_sweep,0.99,3.0
120,stigmergy,123,64,5.5,,2.5,6.0,stigmergy_decay_threshold_sweep,0.95,1.0
312,stigmergy,123,128,3.0,,3.5,9.0,stigmergy_decay_threshold_sweep,0.95,1.0
6,stigmergy,123,64,3.0,,1.5,9.0,stigmergy_decay_threshold_sweep,0.9,1.0
385,stigmergy,123,128,5.5,,3.5,9.0,stigmergy_decay_threshold_sweep,0.9,2.0
28,stigmergy,123,64,3.0,,2.5,3.0,stigmergy_decay_threshold_sweep,0.9,2.0
143,stigmergy,123,64,5.5,,3.5,9.0,stigmergy_decay_threshold_sweep,0.9,3.0
371,stigmergy,123,128,5.5,,2.5,3.0,stigmergy_decay_threshold_sweep,0.99,3.0
17,stigmergy,123,64,3.0,,1.5,9.0,stigmergy_decay_threshold_sweep,0.95,3.0
188,stigmergy,123,64,10.0,,1.5,9.0,stigmergy_decay_threshold_sweep,0.99,3.0
376,stigmergy,123,128,5.5,,2.5,9.0,stigmergy_decay_threshold_sweep,0.99,2.0
144,stigmergy,123,64,5.5,,3.5,3.0,stigmergy_decay_threshold_sweep,0.95,1.0
382,stigmergy,123,128,5.5,,3.5,6.0,stigmergy_decay_threshold_sweep,0.9,2.0
1,stigmergy,123,64,3.0,,1.5,3.0,stigmergy_decay_threshold_sweep,0.9,2.0
349,stigmergy,123,128,5.5,,1.5,9.0,stigmergy_decay_threshold_sweep,0.99,2.0
10,stigmergy,123,64,3.0,,1.5,3.0,stigmergy_decay_threshold_sweep,0.95,2.0
340,stigmergy,123,128,5.5,,1.5,9.0,stigmergy_decay_threshold_sweep,0.95,2.0
172,stigmergy,123,64,10.0,,1.5,3.0,stigmergy_decay_threshold_sweep,0.95,2.0
186,stigmergy,123,64,10.0,,1.5,9.0,stigmergy_decay_threshold_sweep,0.99,1.0
19,stigmergy,123,64,3.0,,1.5,3.0,stigmergy_decay_threshold_sweep,0.99,2.0
26,stigmergy,123,64,3.0,,1.5,9.0,stigmergy_decay_threshold_sweep,0.99,3.0
8,stigmergy,123,64,3.0,,1.5,9.0,stigmergy_decay_threshold_sweep,0.9,3.0
181,stigmergy,123,64,10.0,,1.5,3.0,stigmergy_decay_threshold_sweep,0.99,2.0
175,stigmergy,123,64,10.0,,1.5,6.0,stigmergy_decay_threshold_sweep,0.95,2.0
347,stigmergy,123,128,5.5,,1.5,6.0,stigmergy_decay_threshold_sweep,0.99,3.0
21,stigmergy,123,64,3.0,,1.5,6.0,stigmergy_decay_threshold_sweep,0.99,1.0
378,stigmergy,123,128,5.5,,3.5,3.0,stigmergy_decay_threshold_sweep,0.9,1.0
75,stigmergy,123,64,3.0,,3.5,6.0,stigmergy_decay_threshold_sweep,0.99,1.0
81,stigmergy,123,64,5.5,,1.5,3.0,stigmergy_decay_threshold_sweep,0.9,1.0
313,stigmergy,123,128,3.0,,3.5,9.0,stigmergy_decay_threshold_sweep,0.95,2.0
121,stigmergy,123,64,5.5,,2.5,6.0,stigmergy_decay_threshold_sweep,0.95,2.0
119,stigmergy,123,64,5.5,,2.5,3.0,stigmergy_decay_threshold_sweep,0.95,3.0
86,stigmergy,123,64,5.5,,1.5,6.0,stigmergy_decay_threshold_sweep,0.9,3.0
72,stigmergy,123,64,3.0,,3.5,3.0,stigmergy_decay_threshold_sweep,0.99,1.0
126,stigmergy,123,64,5.5,,2.5,3.0,stigmergy_decay_threshold_sweep,0.99,1.0
314,stigmergy,123,128,3.0,,3.5,9.0,stigmergy_decay_threshold_sweep,0.95,3.0
44,stigmergy,123,64,3.0,,2.5,9.0,stigmergy_decay_threshold_sweep,0.95,3.0
110,stigmergy,123,64,5.5,,2.5,3.0,stigmergy_decay_threshold_sweep,0.9,3.0
322,stigmergy,123,128,3.0,,3.5,9.0,stigmergy_decay_threshold_sweep,0.99,2.0
43,stigmergy,123,64,3.0,,2.5,9.0,stigmergy_decay_threshold_sweep,0.95,2.0
128,stigmergy,123,64,5.5,,2.5,3.0,stigmergy_decay_threshold_sweep,0.99,3.0
88,stigmergy,123,64,5.5,,1.5,9.0,stigmergy_decay_threshold_sweep,0.9,2.0
325,stigmergy,123,128,5.5,,1.5,3.0,stigmergy_decay_threshold_sweep,0.9,2.0
117,stigmergy,123,64,5.5,,2.5,3.0,stigmergy_decay_threshold_sweep,0.95,1.0
198,stigmergy,123,64,10.0,,2.5,3.0,stigmergy_decay_threshold_sweep,0.95,1.0
361,stigmergy,123,128,5.5,,2.5,3.0,stigmergy_decay_threshold_sweep,0.95,2.0
153,stigmergy,123,64,5.5,,3.5,3.0,stigmergy_decay_threshold_sweep,0.99,1.0
38,stigmergy,123,64,3.0,,2.5,3.0,stigmergy_decay_threshold_sweep,0.95,3.0
359,stigmergy,123,128,5.5,,2.5,9.0,stigmergy_decay_threshold_sweep,0.9,3.0
392,stigmergy,123,128,5.5,,3.5,6.0,stigmergy_decay_threshold_sweep,0.95,3.0
154,stigmergy,123,64,5.5,,3.5,3.0,stigmergy_decay_threshold_sweep,0.99,2.0
366,stigmergy,123,128,5.5,,2.5,9.0,stigmergy_decay_threshold_sweep,0.95,1.0
36,stigmergy,123,64,3.0,,2.5,3.0,stigmergy_decay_threshold_sweep,0.95,1.0
196,stigmergy,123,64,10.0,,2.5,9.0,stigmergy_decay_threshold_sweep,0.9,2.0
162,stigmergy,123,64,10.0,,1.5,3.0,stigmergy_decay_threshold_sweep,0.9,1.0
350,stigmergy,123,128,5.5,,1.5,9.0,stigmergy_decay_threshold_sweep,0.99,3.0
368,stigmergy,123,128,5.5,,2.5,9.0,stigmergy_decay_threshold_sweep,0.95,3.0
31,stigmergy,123,64,3.0,,2.5,6.0,stigmergy_decay_threshold_sweep,0.9,2.0
357,stigmergy,123,128,5.5,,2.5,9.0,stigmergy_decay_threshold_sweep,0.9,1.0
165,stigmergy,123,64,10.0,,1.5,6.0,stigmergy_decay_threshold_sweep,0.9,1.0
191,stigmergy,123,64,10.0,,2.5,3.0,stigmergy_decay_threshold_sweep,0.9,3.0
131,stigmergy,123,64,5.5,,2.5,6.0,stigmergy_decay_threshold_sweep,0.99,3.0
303,stigmergy,123,128,3.0,,3.5,9.0,stigmergy_decay_threshold_sweep,0.9,1.0
91,stigmergy,123,64,5.5,,1.5,3.0,stigmergy_decay_threshold_sweep,0.95,2.0
65,stigmergy,123,64,3.0,,3.5,3.0,stigmergy_decay_threshold_sweep,0.95,3.0
304,stigmergy,123,128,3.0,,3.5,9.0,stigmergy_decay_threshold_sweep,0.9,2.0
136,stigmergy,123,64,5.5,,3.5,3.0,stigmergy_decay_threshold_sweep,0.9,2.0
62,stigmergy,123,64,3.0,,3.5,9.0,stigmergy_decay_threshold_sweep,0.9,3.0
96,stigmergy,123,64,5.5,,1.5,9.0,stigmergy_decay_threshold_sweep,0.95,1.0
109,stigmergy,123,64,5.5,,2.5,3.0,stigmergy_decay_threshold_sweep,0.9,2.0
332,stigmergy,123,128,5.5,,1.5,9.0,stigmergy_decay_threshold_sweep,0.9,3.0
100,stigmergy,123,64,5.5,,1.5,3.0,stigmergy_decay_threshold_sweep,0.99,2.0
54,stigmergy,123,64,3.0,,3.5,3.0,stigmergy_decay_threshold_sweep,0.9,1.0
107,stigmergy,123,64,5.5,,1.5,9.0,stigmergy_decay_threshold_sweep,0.99,3.0
335,stigmergy,123,128,5.5,,1.5,3.0,stigmergy_decay_threshold_sweep,0.95,3.0
98,stigmergy,123,64,5.5,,1.5,9.0,stigmergy_decay_threshold_sweep,0.95,3.0
138,stigmergy,123,64,5.5,,3.5,6.0,stigmergy_decay_threshold_sweep,0.9,1.0
53,stigmergy,123,64,3.0,,2.5,9.0,stigmergy_decay_threshold_sweep,0.99,3.0
30,stigmergy,123,64,3.0,,2.5,6.0,stigmergy_decay_threshold_sweep,0.9,1.0
369,stigmergy,123,128,5.5,,2.5,3.0,stigmergy_decay_threshold_sweep,0.99,1.0
190,stigmergy,123,64,10.0,,2.5,3.0,stigmergy_decay_threshold_sweep,0.9,2.0
164,stigmergy,123,64,10.0,,1.5,3.0,stigmergy_decay_threshold_sweep,0.9,3.0
356,stigmergy,123,128,5.5,,2.5,6.0,stigmergy_decay_threshold_sweep,0.9,3.0
37,stigmergy,123,64,3.0,,2.5,3.0,stigmergy_decay_threshold_sweep,0.95,2.0
351,stigmergy,123,128,5.5,,2.5,3.0,stigmergy_decay_threshold_sweep,0.9,1.0
163,stigmergy,123,64,10.0,,1.5,3.0,stigmergy_decay_threshold_sweep,0.9,2.0
197,stigmergy,123,64,10.0,,2.5,9.0,stigmergy_decay_threshold_sweep,0.9,3.0
358,stigmergy,123,128,5.5,,2.5,9.0,stigmergy_decay_threshold_sweep,0.9,2.0
367,stigmergy,123,128,5.5,,2.5,9.0,stigmergy_decay_threshold_sweep,0.95,2.0
155,stigmergy,123,64,5.5,,3.5,3.0,stigmergy_decay_threshold_sweep,0.99,3.0
199,stigmergy,123,64,10.0,,2.5,3.0,stigmergy_decay_threshold_sweep,0.95,2.0
39,stigmergy,123,64,3.0,,2.5,6.0,stigmergy_decay_threshold_sweep,0.95,1.0
152,stigmergy,123,64,5.5,,3.5,9.0,stigmergy_decay_threshold_sweep,0.95,3.0
360,stigmergy,123,128,5.5,,2.5,3.0,stigmergy_decay_threshold_sweep,0.95,1.0
334,stigmergy,123,128,5.5,,1.5,3.0,stigmergy_decay_threshold_sweep,0.95,2.0
106,stigmergy,123,64,5.5,,1.5,9.0,stigmergy_decay_threshold_sweep,0.99,2.0
99,stigmergy,123,64,5.5,,1.5,3.0,stigmergy_decay_threshold_sweep,0.99,1.0
52,stigmergy,123,64,3.0,,2.5,9.0,stigmergy_decay_threshold_sweep,0.99,2.0
139,stigmergy,123,64,5.5,,3.5,6.0,stigmergy_decay_threshold_sweep,0.9,2.0
101,stigmergy,123,64,5.5,,1.5,3.0,stigmergy_decay_threshold_sweep,0.99,3.0
333,stigmergy,123,128,5.5,,1.5,3.0,stigmergy_decay_threshold_sweep,0.95,1.0
55,stigmergy,123,64,3.0,,3.5,3.0,stigmergy_decay_threshold_sweep,0.9,2.0
137,stigmergy,123,64,5.5,,3.5,3.0,stigmergy_decay_threshold_sweep,0.9,3.0
305,stigmergy,123,128,3.0,,3.5,9.0,stigmergy_decay_threshold_sweep,0.9,3.0
97,stigmergy,123,64,5.5,,1.5,9.0,stigmergy_decay_threshold_sweep,0.95,2.0
108,stigmergy,123,64,5.5,,2.5,3.0,stigmergy_decay_threshold_sweep,0.9,1.0
63,stigmergy,123,64,3.0,,3.5,3.0,stigmergy_decay_threshold_sweep,0.95,1.0
302,stigmergy,123,128,3.0,,3.5,6.0,stigmergy_decay_threshold_sweep,0.9,3.0
130,stigmergy,123,64,5.5,,2.5,6.0,stigmergy_decay_threshold_sweep,0.99,2.0
64,stigmergy,123,64,3.0,,3.5,3.0,stigmergy_decay_threshold_sweep,0.95,2.0
90,stigmergy,123,64,5.5,,1.5,3.0,stigmergy_decay_threshold_sweep,0.95,1.0
270,stigmergy,123,128,3.0,,2.5,3.0,stigmergy_decay_threshold_sweep,0.9,1.0
284,stigmergy,123,128,3.0,,2.5,6.0,stigmergy_decay_threshold_sweep,0.95,3.0
248,stigmergy,123,128,3.0,,1.5,6.0,stigmergy_decay_threshold_sweep,0.9,3.0
283,stigmergy,123,128,3.0,,2.5,6.0,stigmergy_decay_threshold_sweep,0.95,2.0
277,stigmergy,123,128,3.0,,2.5,9.0,stigmergy_decay_threshold_sweep,0.9,2.0
241,stigmergy,123,64,10.0,,3.5,9.0,stigmergy_decay_threshold_sweep,0.99,2.0
279,stigmergy,123,128,3.0,,2.5,3.0,stigmergy_decay_threshold_sweep,0.95,1.0
246,stigmergy,123,128,3.0,,1.5,6.0,stigmergy_decay_threshold_sweep,0.9,1.0
212,stigmergy,123,64,10.0,,2.5,6.0,stigmergy_decay_threshold_sweep,0.99,3.0
215,stigmergy,123,64,10.0,,2.5,9.0,stigmergy_decay_threshold_sweep,0.99,3.0
223,stigmergy,123,64,10.0,,3.5,9.0,stigmergy_decay_threshold_sweep,0.9,2.0
224,stigmergy,123,64,10.0,,3.5,9.0,stigmergy_decay_threshold_sweep,0.9,3.0
278,stigmergy,123,128,3.0,,2.5,9.0,stigmergy_decay_threshold_sweep,0.9,3.0
247,stigmergy,123,128,3.0,,1.5,6.0,stigmergy_decay_threshold_sweep,0.9,2.0
240,stigmergy,123,64,10.0,,3.5,9.0,stigmergy_decay_threshold_sweep,0.99,1.0
249,stigmergy,123,128,3.0,,1.5,9.0,stigmergy_decay_threshold_sweep,0.9,1.0
276,stigmergy,123,128,3.0,,2.5,9.0,stigmergy_decay_threshold_sweep,0.9,1.0
282,stigmergy,123,128,3.0,,2.5,6.0,stigmergy_decay_threshold_sweep,0.95,1.0
285,stigmergy,123,128,3.0,,2.5,9.0,stigmergy_decay_threshold_sweep,0.95,1.0
271,stigmergy,123,128,3.0,,2.5,3.0,stigmergy_decay_threshold_sweep,0.9,2.0
225,stigmergy,123,64,10.0,,3.5,3.0,stigmergy_decay_threshold_sweep,0.95,1.0
222,stigmergy,123,64,10.0,,3.5,9.0,stigmergy_decay_threshold_sweep,0.9,1.0
214,stigmergy,123,64,10.0,,2.5,9.0,stigmergy_decay_threshold_sweep,0.99,2.0
213,stigmergy,123,64,10.0,,2.5,9.0,stigmergy_decay_threshold_sweep,0.99,1.0
231,stigmergy,123,64,10.0,,3.5,9.0,stigmergy_decay_threshold_sweep,0.95,1.0
209,stigmergy,123,64,10.0,,2.5,3.0,stigmergy_decay_threshold_sweep,0.99,3.0
236,stigmergy,123,64,10.0,,3.5,3.0,stigmergy_decay_threshold_sweep,0.99,3.0
200,stigmergy,123,64,10.0,,2.5,3.0,stigmergy_decay_threshold_sweep,0.95,3.0
238,stigmergy,123,64,10.0,,3.5,6.0,stigmergy_decay_threshold_sweep,0.99,2.0
207,stigmergy,123,64,10.0,,2.5,3.0,stigmergy_decay_threshold_sweep,0.99,1.0
253,stigmergy,123,128,3.0,,1.5,3.0,stigmergy_decay_threshold_sweep,0.95,2.0
298,stigmergy,123,128,3.0,,3.5,3.0,stigmergy_decay_threshold_sweep,0.9,2.0
254,stigmergy,123,128,3.0,,1.5,3.0,stigmergy_decay_threshold_sweep,0.95,3.0
262,stigmergy,123,128,3.0,,1.5,3.0,stigmergy_decay_threshold_sweep,0.99,2.0
296,stigmergy,123,128,3.0,,2.5,9.0,stigmergy_decay_threshold_sweep,0.99,3.0
291,stigmergy,123,128,3.0,,2.5,6.0,stigmergy_decay_threshold_sweep,0.99,1.0
265,stigmergy,123,128,3.0,,1.5,6.0,stigmergy_decay_threshold_sweep,0.99,2.0
239,stigmergy,123,64,10.0,,3.5,6.0,stigmergy_decay_threshold_sweep,0.99,3.0
206,stigmergy,123,64,10.0,,2.5,9.0,stigmergy_decay_threshold_sweep,0.95,3.0
201,stigmergy,123,64,10.0,,2.5,6.0,stigmergy_decay_threshold_sweep,0.95,1.0
208,stigmergy,123,64,10.0,,2.5,3.0,stigmergy_decay_threshold_sweep,0.99,2.0
237,stigmergy,123,64,10.0,,3.5,6.0,stigmergy_decay_threshold_sweep,0.99,1.0
230,stigmergy,123,64,10.0,,3.5,6.0,stigmergy_decay_threshold_sweep,0.95,3.0
264,stigmergy,123,128,3.0,,1.5,6.0,stigmergy_decay_threshold_sweep,0.99,1.0
290,stigmergy,123,128,3.0,,2.5,3.0,stigmergy_decay_threshold_sweep,0.99,3.0
297,stigmergy,123,128,3.0,,3.5,3.0,stigmergy_decay_threshold_sweep,0.9,1.0
263,stigmergy,123,128,3.0,,1.5,3.0,stigmergy_decay_threshold_sweep,0.99,3.0
255,stigmergy,123,128,3.0,,1.5,6.0,stigmergy_decay_threshold_sweep,0.95,1.0
252,stigmergy,123,128,3.0,,1.5,3.0,stigmergy_decay_threshold_sweep,0.95,1.0
299,stigmergy,123,128,3.0,,3.5,3.0,stigmergy_decay_threshold_sweep,0.9,3.0
46,stigmergy,123,64,3.0,,2.5,3.0,stigmergy_decay_threshold_sweep,0.99,2.0
79,stigmergy,123,64,3.0,,3.5,9.0,stigmergy_decay_threshold_sweep,0.99,2.0
112,stigmergy,123,64,5.5,,2.5,6.0,stigmergy_decay_threshold_sweep,0.9,2.0
320,stigmergy,123,128,3.0,,3.5,6.0,stigmergy_decay_threshold_sweep,0.99,3.0
318,stigmergy,123,128,3.0,,3.5,6.0,stigmergy_decay_threshold_sweep,0.99,1.0
41,stigmergy,123,64,3.0,,2.5,6.0,stigmergy_decay_threshold_sweep,0.95,3.0
327,stigmergy,123,128,5.5,,1.5,6.0,stigmergy_decay_threshold_sweep,0.9,1.0
115,stigmergy,123,64,5.5,,2.5,9.0,stigmergy_decay_threshold_sweep,0.9,2.0
83,stigmergy,123,64,5.5,,1.5,3.0,stigmergy_decay_threshold_sweep,0.9,3.0
77,stigmergy,123,64,3.0,,3.5,6.0,stigmergy_decay_threshold_sweep,0.99,3.0
311,stigmergy,123,128,3.0,,3.5,6.0,stigmergy_decay_threshold_sweep,0.95,3.0
123,stigmergy,123,64,5.5,,2.5,9.0,stigmergy_decay_threshold_sweep,0.95,1.0
48,stigmergy,123,64,3.0,,2.5,6.0,stigmergy_decay_threshold_sweep,0.99,1.0
70,stigmergy,123,64,3.0,,3.5,9.0,stigmergy_decay_threshold_sweep,0.95,2.0
329,stigmergy,123,128,5.5,,1.5,6.0,stigmergy_decay_threshold_sweep,0.9,3.0
84,stigmergy,123,64,5.5,,1.5,6.0,stigmergy_decay_threshold_sweep,0.9,1.0
124,stigmergy,123,64,5.5,,2.5,9.0,stigmergy_decay_threshold_sweep,0.95,2.0
316,stigmergy,123,128,3.0,,3.5,3.0,stigmergy_decay_threshold_sweep,0.99,2.0
184,stigmergy,123,64,10.0,,1.5,6.0,stigmergy_decay_threshold_sweep,0.99,2.0
342,stigmergy,123,128,5.5,,1.5,3.0,stigmergy_decay_threshold_sweep,0.99,1.0
170,stigmergy,123,64,10.0,,1.5,9.0,stigmergy_decay_threshold_sweep,0.9,3.0
24,stigmergy,123,64,3.0,,1.5,9.0,stigmergy_decay_threshold_sweep,0.99,1.0
389,stigmergy,123,128,5.5,,3.5,3.0,stigmergy_decay_threshold_sweep,0.95,3.0
177,stigmergy,123,64,10.0,,1.5,9.0,stigmergy_decay_threshold_sweep,0.95,1.0
345,stigmergy,123,128,5.5,,1.5,6.0,stigmergy_decay_threshold_sweep,0.99,1.0
183,stigmergy,123,64,10.0,,1.5,6.0,stigmergy_decay_threshold_sweep,0.99,1.0
148,stigmergy,123,64,5.5,,3.5,6.0,stigmergy_decay_threshold_sweep,0.95,2.0
23,stigmergy,123,64,3.0,,1.5,6.0,stigmergy_decay_threshold_sweep,0.99,3.0
141,stigmergy,123,64,5.5,,3.5,9.0,stigmergy_decay_threshold_sweep,0.9,1.0
373,stigmergy,123,128,5.5,,2.5,6.0,stigmergy_decay_threshold_sweep,0.99,2.0
4,stigmergy,123,64,3.0,,1.5,6.0,stigmergy_decay_threshold_sweep,0.9,2.0
387,stigmergy,123,128,5.5,,3.5,3.0,stigmergy_decay_threshold_sweep,0.95,1.0
15,stigmergy,123,64,3.0,,1.5,9.0,stigmergy_decay_threshold_sweep,0.95,1.0
380,stigmergy,123,128,5.5,,3.5,3.0,stigmergy_decay_threshold_sweep,0.9,3.0
3,stigmergy,123,64,3.0,,1.5,6.0,stigmergy_decay_threshold_sweep,0.9,1.0
374,stigmergy,123,128,5.5,,2.5,6.0,stigmergy_decay_threshold_sweep,0.99,3.0
146,stigmergy,123,64,5.5,,3.5,3.0,stigmergy_decay_threshold_sweep,0.95,3.0
12,stigmergy,123,64,3.0,,1.5,6.0,stigmergy_decay_threshold_sweep,0.95,1.0
179,stigmergy,123,64,10.0,,1.5,9.0,stigmergy_decay_threshold_sweep,0.95,3.0
328,stigmergy,123,128,5.5,,1.5,6.0,stigmergy_decay_threshold_sweep,0.9,2.0
85,stigmergy,123,64,5.5,,1.5,6.0,stigmergy_decay_threshold_sweep,0.9,2.0
71,stigmergy,123,64,3.0,,3.5,9.0,stigmergy_decay_threshold_sweep,0.95,3.0
317,stigmergy,123,128,3.0,,3.5,3.0,stigmergy_decay_threshold_sweep,0.99,3.0
125,stigmergy,123,64,5.5,,2.5,9.0,stigmergy_decay_threshold_sweep,0.95,3.0
76,stigmergy,123,64,3.0,,3.5,6.0,stigmergy_decay_threshold_sweep,0.99,2.0
82,stigmergy,123,64,5.5,,1.5,3.0,stigmergy_decay_threshold_sweep,0.9,2.0
49,stigmergy,123,64,3.0,,2.5,6.0,stigmergy_decay_threshold_sweep,0.99,2.0
122,stigmergy,123,64,5.5,,2.5,6.0,stigmergy_decay_threshold_sweep,0.95,3.0
310,stigmergy,123,128,3.0,,3.5,6.0,stigmergy_decay_threshold_sweep,0.95,2.0
40,stigmergy,123,64,3.0,,2.5,6.0,stigmergy_decay_threshold_sweep,0.95,2.0
319,stigmergy,123,128,3.0,,3.5,6.0,stigmergy_decay_threshold_sweep,0.99,2.0
114,stigmergy,123,64,5.5,,2.5,9.0,stigmergy_decay_threshold_sweep,0.9,1.0
326,stigmergy,123,128,5.5,,1.5,3.0,stigmergy_decay_threshold_sweep,0.9,3.0
47,stigmergy,123,64,3.0,,2.5,3.0,stigmergy_decay_threshold_sweep,0.99,3.0
321,stigmergy,123,128,3.0,,3.5,9.0,stigmergy_decay_threshold_sweep,0.99,1.0
113,stigmergy,123,64,5.5,,2.5,6.0,stigmergy_decay_threshold_sweep,0.9,3.0
78,stigmergy,123,64,3.0,,3.5,9.0,stigmergy_decay_threshold_sweep,0.99,1.0
147,stigmergy,123,64,5.5,,3.5,6.0,stigmergy_decay_threshold_sweep,0.95,1.0
375,stigmergy,123,128,5.5,,2.5,9.0,stigmergy_decay_threshold_sweep,0.99,1.0
2,stigmergy,123,64,3.0,,1.5,3.0,stigmergy_decay_threshold_sweep,0.9,3.0
381,stigmergy,123,128,5.5,,3.5,6.0,stigmergy_decay_threshold_sweep,0.9,1.0
178,stigmergy,123,64,10.0,,1.5,9.0,stigmergy_decay_threshold_sweep,0.95,2.0
13,stigmergy,123,64,3.0,,1.5,6.0,stigmergy_decay_threshold_sweep,0.95,2.0
386,stigmergy,123,128,5.5,,3.5,9.0,stigmergy_decay_threshold_sweep,0.9,3.0
5,stigmergy,123,64,3.0,,1.5,6.0,stigmergy_decay_threshold_sweep,0.9,3.0
372,stigmergy,123,128,5.5,,2.5,6.0,stigmergy_decay_threshold_sweep,0.99,1.0
140,stigmergy,123,64,5.5,,3.5,6.0,stigmergy_decay_threshold_sweep,0.9,3.0
14,stigmergy,123,64,3.0,,1.5,6.0,stigmergy_decay_threshold_sweep,0.95,3.0
182,stigmergy,123,64,10.0,,1.5,3.0,stigmergy_decay_threshold_sweep,0.99,3.0
344,stigmergy,123,128,5.5,,1.5,3.0,stigmergy_decay_threshold_sweep,0.99,3.0
176,stigmergy,123,64,10.0,,1.5,6.0,stigmergy_decay_threshold_sweep,0.95,3.0
22,stigmergy,123,64,3.0,,1.5,6.0,stigmergy_decay_threshold_sweep,0.99,2.0
149,stigmergy,123,64,5.5,,3.5,6.0,stigmergy_decay_threshold_sweep,0.95,3.0
171,stigmergy,123,64,10.0,,1.5,3.0,stigmergy_decay_threshold_sweep,0.95,1.0
343,stigmergy,123,128,5.5,,1.5,3.0,stigmergy_decay_threshold_sweep,0.99,2.0
185,stigmergy,123,64,10.0,,1.5,6.0,stigmergy_decay_threshold_sweep,0.99,3.0
25,stigmergy,123,64,3.0,,1.5,9.0,stigmergy_decay_threshold_sweep,0.99,2.0
388,stigmergy,123,128,5.5,,3.5,3.0,stigmergy_decay_threshold_sweep,0.95,2.0
