run_id,model_type,seed,num_ants,mean_arrest_duration,pheromones.pheromone_max_timestep,pheromones.pheromone_radius_multiplier,pheromones.pheromone_threshold,experiment,pheromones.pheromone_decay_rate,pheromones.pheromone_deposition_rate,final_clustering,steady_state_clustering
135,direct,456,128,10.0,3000.0,1.5,4.0,direct_clustering_sweep,,,0.015625,0.0003436812637472505
135,direct,456,128,10.0,3000.0,1.5,4.0,direct_clustering_sweep,,,0.015625,0.0003436812637472505
61,direct,123,128,10.0,3000.0,1.5,2.5,direct_clustering_sweep,,,0.0,0.0
61,direct,123,128,10.0,3000.0,1.5,2.5,direct_clustering_sweep,,,0.0,0.0
95,direct,456,64,5.5,3000.0,4.0,4.0,direct_clustering_sweep,,,0.0,2.499500099980004e-05
95,direct,456,64,5.5,3000.0,4.0,4.0,direct_clustering_sweep,,,0.0,2.499500099980004e-05
132,direct,456,128,10.0,3000.0,1.5,1.0,direct_clustering_sweep,,,0.0,0.0
132,direct,456,128,10.0,3000.0,1.5,1.0,direct_clustering_sweep,,,0.0,0.0
59,direct,123,128,5.5,3000.0,4.0,4.0,direct_clustering_sweep,,,0.0,0.0
59,direct,123,128,5.5,3000.0,4.0,4.0,direct_clustering_sweep,,,0.0,0.0
92,direct,456,64,5.5,3000.0,4.0,1.0,direct_clustering_sweep,,,0.546875,0.5256573685262947
92,direct,456,64,5.5,3000.0,4.0,1.0,direct_clustering_sweep,,,0.546875,0.5256573685262947
66,direct,123,128,10.0,3000.0,2.5,3.0,direct_clustering_sweep,,,0.0,0.0
66,direct,123,128,10.0,3000.0,2.5,3.0,direct_clustering_sweep,,,0.0,0.0
104,direct,456,64,10.0,3000.0,4.0,1.0,direct_clustering_sweep,,,0.875,0.8140403169366127
104,direct,456,64,10.0,3000.0,4.0,1.0,direct_clustering_sweep,,,0.875,0.8140403169366127
50,direct,123,128,5.5,3000.0,1.5,3.0,direct_clustering_sweep,,,0.859375,0.837873050389922
50,direct,123,128,5.5,3000.0,1.5,3.0,direct_clustering_sweep,,,0.859375,0.837873050389922
68,direct,123,128,10.0,3000.0,4.0,1.0,direct_clustering_sweep,,,0.015625,0.0003249350129974005
68,direct,123,128,10.0,3000.0,4.0,1.0,direct_clustering_sweep,,,0.015625,0.0003249350129974005
103,direct,456,64,10.0,3000.0,2.5,4.0,direct_clustering_sweep,,,0.734375,0.6968200109978004
103,direct,456,64,10.0,3000.0,2.5,4.0,direct_clustering_sweep,,,0.734375,0.6968200109978004
57,direct,123,128,5.5,3000.0,4.0,2.5,direct_clustering_sweep,,,0.0,0.0
57,direct,123,128,5.5,3000.0,4.0,2.5,direct_clustering_sweep,,,0.0,0.0
168,direct,789,64,10.0,3000.0,1.5,1.0,direct_clustering_sweep,,,0.0,1.249750049990002e-05
168,direct,789,64,10.0,3000.0,1.5,1.0,direct_clustering_sweep,,,0.0,1.249750049990002e-05
157,direct,789,64,5.5,3000.0,1.5,2.5,direct_clustering_sweep,,,0.984375,0.945245325934813
157,direct,789,64,5.5,3000.0,1.5,2.5,direct_clustering_sweep,,,0.984375,0.945245325934813
150,direct,789,64,3.0,3000.0,2.5,3.0,direct_clustering_sweep,,,0.0,0.0
150,direct,789,64,3.0,3000.0,2.5,3.0,direct_clustering_sweep,,,0.0,0.0
159,direct,789,64,5.5,3000.0,1.5,4.0,direct_clustering_sweep,,,0.0,0.0
159,direct,789,64,5.5,3000.0,1.5,4.0,direct_clustering_sweep,,,0.0,0.0
32,direct,123,64,10.0,3000.0,4.0,1.0,direct_clustering_sweep,,,0.0,0.0
32,direct,123,64,10.0,3000.0,4.0,1.0,direct_clustering_sweep,,,0.0,0.0
166,direct,789,64,5.5,3000.0,4.0,3.0,direct_clustering_sweep,,,0.0,1.249750049990002e-05
166,direct,789,64,5.5,3000.0,4.0,3.0,direct_clustering_sweep,,,0.0,1.249750049990002e-05
192,direct,789,128,5.5,3000.0,1.5,1.0,direct_clustering_sweep,,,0.0,1.249750049990002e-05
192,direct,789,128,5.5,3000.0,1.5,1.0,direct_clustering_sweep,,,0.0,1.249750049990002e-05
35,direct,123,64,10.0,3000.0,4.0,4.0,direct_clustering_sweep,,,0.0,0.0
35,direct,123,64,10.0,3000.0,4.0,4.0,direct_clustering_sweep,,,0.0,0.0
195,direct,789,128,5.5,3000.0,1.5,4.0,direct_clustering_sweep,,,0.0,1.249750049990002e-05
195,direct,789,128,5.5,3000.0,1.5,4.0,direct_clustering_sweep,,,0.0,1.249750049990002e-05
161,direct,789,64,5.5,3000.0,2.5,2.5,direct_clustering_sweep,,,0.90625,0.9443330083983204
161,direct,789,64,5.5,3000.0,2.5,2.5,direct_clustering_sweep,,,0.90625,0.9443330083983204
102,direct,456,64,10.0,3000.0,2.5,3.0,direct_clustering_sweep,,,0.0,0.0
102,direct,456,64,10.0,3000.0,2.5,3.0,direct_clustering_sweep,,,0.0,0.0
69,direct,123,128,10.0,3000.0,4.0,2.5,direct_clustering_sweep,,,0.0,0.0
69,direct,123,128,10.0,3000.0,4.0,2.5,direct_clustering_sweep,,,0.0,0.0
56,direct,123,128,5.5,3000.0,4.0,1.0,direct_clustering_sweep,,,0.5,0.23170678364327135
56,direct,123,128,5.5,3000.0,4.0,1.0,direct_clustering_sweep,,,0.5,0.23170678364327135
105,direct,456,64,10.0,3000.0,4.0,2.5,direct_clustering_sweep,,,0.0,0.0
105,direct,456,64,10.0,3000.0,4.0,2.5,direct_clustering_sweep,,,0.0,0.0
51,direct,123,128,5.5,3000.0,1.5,4.0,direct_clustering_sweep,,,0.0,0.0
51,direct,123,128,5.5,3000.0,1.5,4.0,direct_clustering_sweep,,,0.0,0.0
58,direct,123,128,5.5,3000.0,4.0,3.0,direct_clustering_sweep,,,0.0,0.0
58,direct,123,128,5.5,3000.0,4.0,3.0,direct_clustering_sweep,,,0.0,0.0
133,direct,456,128,10.0,3000.0,1.5,2.5,direct_clustering_sweep,,,0.90625,0.8467181563687263
133,direct,456,128,10.0,3000.0,1.5,2.5,direct_clustering_sweep,,,0.90625,0.8467181563687263
67,direct,123,128,10.0,3000.0,2.5,4.0,direct_clustering_sweep,,,0.0,1.249750049990002e-05
67,direct,123,128,10.0,3000.0,2.5,4.0,direct_clustering_sweep,,,0.0,1.249750049990002e-05
93,direct,456,64,5.5,3000.0,4.0,2.5,direct_clustering_sweep,,,0.0,0.0
93,direct,456,64,5.5,3000.0,4.0,2.5,direct_clustering_sweep,,,0.0,0.0
134,direct,456,128,10.0,3000.0,1.5,3.0,direct_clustering_sweep,,,0.9375,0.9069123675264947
134,direct,456,128,10.0,3000.0,1.5,3.0,direct_clustering_sweep,,,0.9375,0.9069123675264947
94,direct,456,64,5.5,3000.0,4.0,3.0,direct_clustering_sweep,,,0.0,0.0
94,direct,456,64,5.5,3000.0,4.0,3.0,direct_clustering_sweep,,,0.0,0.0
60,direct,123,128,10.0,3000.0,1.5,1.0,direct_clustering_sweep,,,0.0,0.0
60,direct,123,128,10.0,3000.0,1.5,1.0,direct_clustering_sweep,,,0.0,0.0
34,direct,123,64,10.0,3000.0,4.0,3.0,direct_clustering_sweep,,,0.0,0.0
34,direct,123,64,10.0,3000.0,4.0,3.0,direct_clustering_sweep,,,0.0,0.0
160,direct,789,64,5.5,3000.0,2.5,1.0,direct_clustering_sweep,,,0.921875,0.908002774445111
160,direct,789,64,5.5,3000.0,2.5,1.0,direct_clustering_sweep,,,0.921875,0.908002774445111
194,direct,789,128,5.5,3000.0,1.5,3.0,direct_clustering_sweep,,,0.0,1.249750049990002e-05
194,direct,789,128,5.5,3000.0,1.5,3.0,direct_clustering_sweep,,,0.0,1.249750049990002e-05
33,direct,123,64,10.0,3000.0,4.0,2.5,direct_clustering_sweep,,,0.0,0.0
33,direct,123,64,10.0,3000.0,4.0,2.5,direct_clustering_sweep,,,0.0,0.0
158,direct,789,64,5.5,3000.0,1.5,3.0,direct_clustering_sweep,,,0.953125,0.9592737702459508
158,direct,789,64,5.5,3000.0,1.5,3.0,direct_clustering_sweep,,,0.953125,0.9592737702459508
193,direct,789,128,5.5,3000.0,1.5,2.5,direct_clustering_sweep,,,0.0,1.249750049990002e-05
193,direct,789,128,5.5,3000.0,1.5,2.5,direct_clustering_sweep,,,0.0,1.249750049990002e-05
167,direct,789,64,5.5,3000.0,4.0,4.0,direct_clustering_sweep,,,0.0,1.249750049990002e-05
167,direct,789,64,5.5,3000.0,4.0,4.0,direct_clustering_sweep,,,0.0,1.249750049990002e-05
151,direct,789,64,3.0,3000.0,2.5,4.0,direct_clustering_sweep,,,0.0,0.0
151,direct,789,64,3.0,3000.0,2.5,4.0,direct_clustering_sweep,,,0.0,0.0
169,direct,789,64,10.0,3000.0,1.5,2.5,direct_clustering_sweep,,,0.0,1.249750049990002e-05
169,direct,789,64,10.0,3000.0,1.5,2.5,direct_clustering_sweep,,,0.0,1.249750049990002e-05
156,direct,789,64,5.5,3000.0,1.5,1.0,direct_clustering_sweep,,,0.828125,0.8756904869026195
156,direct,789,64,5.5,3000.0,1.5,1.0,direct_clustering_sweep,,,0.828125,0.8756904869026195
211,direct,789,128,10.0,3000.0,2.5,4.0,direct_clustering_sweep,,,0.96875,0.9743488802239552
211,direct,789,128,10.0,3000.0,2.5,4.0,direct_clustering_sweep,,,0.96875,0.9743488802239552
210,direct,789,128,10.0,3000.0,2.5,3.0,direct_clustering_sweep,,,0.953125,0.9348099130173965
210,direct,789,128,10.0,3000.0,2.5,3.0,direct_clustering_sweep,,,0.953125,0.9348099130173965
204,direct,789,128,10.0,3000.0,1.5,1.0,direct_clustering_sweep,,,0.0,1.249750049990002e-05
204,direct,789,128,10.0,3000.0,1.5,1.0,direct_clustering_sweep,,,0.0,1.249750049990002e-05
203,direct,789,128,5.5,3000.0,4.0,4.0,direct_clustering_sweep,,,0.890625,0.8293934963007399
203,direct,789,128,5.5,3000.0,4.0,4.0,direct_clustering_sweep,,,0.890625,0.8293934963007399
202,direct,789,128,5.5,3000.0,4.0,3.0,direct_clustering_sweep,,,0.0,4.686562687462508e-05
202,direct,789,128,5.5,3000.0,4.0,3.0,direct_clustering_sweep,,,0.0,4.686562687462508e-05
205,direct,789,128,10.0,3000.0,1.5,2.5,direct_clustering_sweep,,,0.0,1.249750049990002e-05
205,direct,789,128,10.0,3000.0,1.5,2.5,direct_clustering_sweep,,,0.0,1.249750049990002e-05
174,direct,789,64,10.0,3000.0,2.5,3.0,direct_clustering_sweep,,,0.0,1.249750049990002e-05
174,direct,789,64,10.0,3000.0,2.5,3.0,direct_clustering_sweep,,,0.0,1.249750049990002e-05
180,direct,789,128,3.0,3000.0,1.5,1.0,direct_clustering_sweep,,,0.953125,0.9328259348130374
180,direct,789,128,3.0,3000.0,1.5,1.0,direct_clustering_sweep,,,0.953125,0.9328259348130374
20,direct,123,64,5.5,3000.0,4.0,1.0,direct_clustering_sweep,,,0.875,0.787870550889822
20,direct,123,64,5.5,3000.0,4.0,1.0,direct_clustering_sweep,,,0.875,0.787870550889822
187,direct,789,128,3.0,3000.0,2.5,4.0,direct_clustering_sweep,,,0.828125,0.8035861577684463
187,direct,789,128,3.0,3000.0,2.5,4.0,direct_clustering_sweep,,,0.828125,0.8035861577684463
18,direct,123,64,5.5,3000.0,2.5,3.0,direct_clustering_sweep,,,0.234375,0.10848455308938212
18,direct,123,64,5.5,3000.0,2.5,3.0,direct_clustering_sweep,,,0.234375,0.10848455308938212
173,direct,789,64,10.0,3000.0,2.5,2.5,direct_clustering_sweep,,,0.828125,0.8648207858428314
173,direct,789,64,10.0,3000.0,2.5,2.5,direct_clustering_sweep,,,0.828125,0.8648207858428314
27,direct,123,64,10.0,3000.0,1.5,4.0,direct_clustering_sweep,,,0.015625,0.00015309438112377525
27,direct,123,64,10.0,3000.0,1.5,4.0,direct_clustering_sweep,,,0.015625,0.00015309438112377525
9,direct,123,64,3.0,3000.0,4.0,2.5,direct_clustering_sweep,,,0.015625,0.0001280993801239752
9,direct,123,64,3.0,3000.0,4.0,2.5,direct_clustering_sweep,,,0.015625,0.0001280993801239752
0,direct,123,64,3.0,3000.0,1.5,1.0,direct_clustering_sweep,,,0.015625,0.00010935312937412518
0,direct,123,64,3.0,3000.0,1.5,1.0,direct_clustering_sweep,,,0.015625,0.00010935312937412518
145,direct,789,64,3.0,3000.0,1.5,2.5,direct_clustering_sweep,,,0.890625,0.8427220805838832
145,direct,789,64,3.0,3000.0,1.5,2.5,direct_clustering_sweep,,,0.890625,0.8427220805838832
11,direct,123,64,3.0,3000.0,4.0,4.0,direct_clustering_sweep,,,0.03125,0.013606653669266148
11,direct,123,64,3.0,3000.0,4.0,4.0,direct_clustering_sweep,,,0.03125,0.013606653669266148
142,direct,456,128,10.0,3000.0,4.0,3.0,direct_clustering_sweep,,,0.0,0.0
142,direct,456,128,10.0,3000.0,4.0,3.0,direct_clustering_sweep,,,0.0,0.0
7,direct,123,64,3.0,3000.0,2.5,4.0,direct_clustering_sweep,,,0.0,0.0
7,direct,123,64,3.0,3000.0,2.5,4.0,direct_clustering_sweep,,,0.0,0.0
29,direct,123,64,10.0,3000.0,2.5,2.5,direct_clustering_sweep,,,0.015625,0.0026869626074785043
29,direct,123,64,10.0,3000.0,2.5,2.5,direct_clustering_sweep,,,0.015625,0.0026869626074785043
16,direct,123,64,5.5,3000.0,2.5,1.0,direct_clustering_sweep,,,0.0,0.0
16,direct,123,64,5.5,3000.0,2.5,1.0,direct_clustering_sweep,,,0.0,0.0
189,direct,789,128,3.0,3000.0,4.0,2.5,direct_clustering_sweep,,,0.015625,0.0007498500299940012
189,direct,789,128,3.0,3000.0,4.0,2.5,direct_clustering_sweep,,,0.015625,0.0007498500299940012
129,direct,456,128,5.5,3000.0,4.0,2.5,direct_clustering_sweep,,,0.0,6.56118776244751e-05
129,direct,456,128,5.5,3000.0,4.0,2.5,direct_clustering_sweep,,,0.0,6.56118776244751e-05
42,direct,123,128,3.0,3000.0,2.5,3.0,direct_clustering_sweep,,,0.0,0.0
42,direct,123,128,3.0,3000.0,2.5,3.0,direct_clustering_sweep,,,0.0,0.0
89,direct,456,64,5.5,3000.0,2.5,2.5,direct_clustering_sweep,,,0.0,0.0
89,direct,456,64,5.5,3000.0,2.5,2.5,direct_clustering_sweep,,,0.0,0.0
116,direct,456,128,3.0,3000.0,4.0,1.0,direct_clustering_sweep,,,0.0,0.0
116,direct,456,128,3.0,3000.0,4.0,1.0,direct_clustering_sweep,,,0.0,0.0
45,direct,123,128,3.0,3000.0,4.0,2.5,direct_clustering_sweep,,,0.828125,0.7618288842231554
45,direct,123,128,3.0,3000.0,4.0,2.5,direct_clustering_sweep,,,0.828125,0.7618288842231554
111,direct,456,128,3.0,3000.0,1.5,4.0,direct_clustering_sweep,,,0.0,0.0
111,direct,456,128,3.0,3000.0,1.5,4.0,direct_clustering_sweep,,,0.0,0.0
73,direct,456,64,3.0,3000.0,1.5,2.5,direct_clustering_sweep,,,0.9375,0.9308919466106779
73,direct,456,64,3.0,3000.0,1.5,2.5,direct_clustering_sweep,,,0.9375,0.9308919466106779
118,direct,456,128,3.0,3000.0,4.0,3.0,direct_clustering_sweep,,,0.8125,0.7406081283743251
118,direct,456,128,3.0,3000.0,4.0,3.0,direct_clustering_sweep,,,0.8125,0.7406081283743251
87,direct,456,64,5.5,3000.0,1.5,4.0,direct_clustering_sweep,,,0.0,0.0
87,direct,456,64,5.5,3000.0,1.5,4.0,direct_clustering_sweep,,,0.0,0.0
127,direct,456,128,5.5,3000.0,2.5,4.0,direct_clustering_sweep,,,0.984375,0.9592144071185763
127,direct,456,128,5.5,3000.0,2.5,4.0,direct_clustering_sweep,,,0.984375,0.9592144071185763
80,direct,456,64,3.0,3000.0,4.0,1.0,direct_clustering_sweep,,,0.859375,0.8606653669266147
80,direct,456,64,3.0,3000.0,4.0,1.0,direct_clustering_sweep,,,0.859375,0.8606653669266147
74,direct,456,64,3.0,3000.0,1.5,3.0,direct_clustering_sweep,,,0.96875,0.9404806538692262
74,direct,456,64,3.0,3000.0,1.5,3.0,direct_clustering_sweep,,,0.96875,0.9404806538692262
120,direct,456,128,5.5,3000.0,1.5,1.0,direct_clustering_sweep,,,0.0,0.0
120,direct,456,128,5.5,3000.0,1.5,1.0,direct_clustering_sweep,,,0.0,0.0
6,direct,123,64,3.0,3000.0,2.5,3.0,direct_clustering_sweep,,,0.0,0.0
6,direct,123,64,3.0,3000.0,2.5,3.0,direct_clustering_sweep,,,0.0,0.0
28,direct,123,64,10.0,3000.0,2.5,1.0,direct_clustering_sweep,,,0.015625,0.0004217906418716257
28,direct,123,64,10.0,3000.0,2.5,1.0,direct_clustering_sweep,,,0.015625,0.0004217906418716257
143,direct,456,128,10.0,3000.0,4.0,4.0,direct_clustering_sweep,,,0.0,0.0
143,direct,456,128,10.0,3000.0,4.0,4.0,direct_clustering_sweep,,,0.0,0.0
17,direct,123,64,5.5,3000.0,2.5,2.5,direct_clustering_sweep,,,0.0,0.0
17,direct,123,64,5.5,3000.0,2.5,2.5,direct_clustering_sweep,,,0.0,0.0
188,direct,789,128,3.0,3000.0,4.0,1.0,direct_clustering_sweep,,,0.953125,0.9252368276344731
188,direct,789,128,3.0,3000.0,4.0,1.0,direct_clustering_sweep,,,0.953125,0.9252368276344731
144,direct,789,64,3.0,3000.0,1.5,1.0,direct_clustering_sweep,,,0.015625,0.0011997600479904018
144,direct,789,64,3.0,3000.0,1.5,1.0,direct_clustering_sweep,,,0.015625,0.0011997600479904018
1,direct,123,64,3.0,3000.0,1.5,2.5,direct_clustering_sweep,,,0.015625,0.00017808938212357528
1,direct,123,64,3.0,3000.0,1.5,2.5,direct_clustering_sweep,,,0.015625,0.00017808938212357528
10,direct,123,64,3.0,3000.0,4.0,3.0,direct_clustering_sweep,,,0.015625,0.0011310237952409517
10,direct,123,64,3.0,3000.0,4.0,3.0,direct_clustering_sweep,,,0.015625,0.0011310237952409517
172,direct,789,64,10.0,3000.0,2.5,1.0,direct_clustering_sweep,,,0.75,0.7787692461507698
172,direct,789,64,10.0,3000.0,2.5,1.0,direct_clustering_sweep,,,0.75,0.7787692461507698
186,direct,789,128,3.0,3000.0,2.5,3.0,direct_clustering_sweep,,,0.0,1.249750049990002e-05
186,direct,789,128,3.0,3000.0,2.5,3.0,direct_clustering_sweep,,,0.0,1.249750049990002e-05
19,direct,123,64,5.5,3000.0,2.5,4.0,direct_clustering_sweep,,,0.640625,0.6609334383123375
19,direct,123,64,5.5,3000.0,2.5,4.0,direct_clustering_sweep,,,0.640625,0.6609334383123375
26,direct,123,64,10.0,3000.0,1.5,3.0,direct_clustering_sweep,,,0.46875,0.08032768446310738
26,direct,123,64,10.0,3000.0,1.5,3.0,direct_clustering_sweep,,,0.46875,0.08032768446310738
8,direct,123,64,3.0,3000.0,4.0,1.0,direct_clustering_sweep,,,0.0,0.0
8,direct,123,64,3.0,3000.0,4.0,1.0,direct_clustering_sweep,,,0.0,0.0
181,direct,789,128,3.0,3000.0,1.5,2.5,direct_clustering_sweep,,,0.984375,0.9796072035592881
181,direct,789,128,3.0,3000.0,1.5,2.5,direct_clustering_sweep,,,0.984375,0.9796072035592881
175,direct,789,64,10.0,3000.0,2.5,4.0,direct_clustering_sweep,,,0.0,1.249750049990002e-05
175,direct,789,64,10.0,3000.0,2.5,4.0,direct_clustering_sweep,,,0.0,1.249750049990002e-05
21,direct,123,64,5.5,3000.0,4.0,2.5,direct_clustering_sweep,,,0.0,0.0
21,direct,123,64,5.5,3000.0,4.0,2.5,direct_clustering_sweep,,,0.0,0.0
75,direct,456,64,3.0,3000.0,1.5,4.0,direct_clustering_sweep,,,0.0,0.00015309438112377525
75,direct,456,64,3.0,3000.0,1.5,4.0,direct_clustering_sweep,,,0.0,0.00015309438112377525
81,direct,456,64,3.0,3000.0,4.0,2.5,direct_clustering_sweep,,,0.015625,0.00020620875824835033
81,direct,456,64,3.0,3000.0,4.0,2.5,direct_clustering_sweep,,,0.015625,0.00020620875824835033
121,direct,456,128,5.5,3000.0,1.5,2.5,direct_clustering_sweep,,,0.0,1.874625074985003e-05
121,direct,456,128,5.5,3000.0,1.5,2.5,direct_clustering_sweep,,,0.0,1.874625074985003e-05
119,direct,456,128,3.0,3000.0,4.0,4.0,direct_clustering_sweep,,,0.828125,0.8267846430713858
119,direct,456,128,3.0,3000.0,4.0,4.0,direct_clustering_sweep,,,0.828125,0.8267846430713858
86,direct,456,64,5.5,3000.0,1.5,3.0,direct_clustering_sweep,,,0.0,0.0
86,direct,456,64,5.5,3000.0,1.5,3.0,direct_clustering_sweep,,,0.0,0.0
72,direct,456,64,3.0,3000.0,1.5,1.0,direct_clustering_sweep,,,0.828125,0.8658455808838232
72,direct,456,64,3.0,3000.0,1.5,1.0,direct_clustering_sweep,,,0.828125,0.8658455808838232
126,direct,456,128,5.5,3000.0,2.5,3.0,direct_clustering_sweep,,,0.9375,0.9114395870825834
126,direct,456,128,5.5,3000.0,2.5,3.0,direct_clustering_sweep,,,0.9375,0.9114395870825834
44,direct,123,128,3.0,3000.0,4.0,1.0,direct_clustering_sweep,,,0.0,0.0
44,direct,123,128,3.0,3000.0,4.0,1.0,direct_clustering_sweep,,,0.0,0.0
110,direct,456,128,3.0,3000.0,1.5,3.0,direct_clustering_sweep,,,0.484375,0.6377599480103979
110,direct,456,128,3.0,3000.0,1.5,3.0,direct_clustering_sweep,,,0.484375,0.6377599480103979
43,direct,123,128,3.0,3000.0,2.5,4.0,direct_clustering_sweep,,,0.0,0.0
43,direct,123,128,3.0,3000.0,2.5,4.0,direct_clustering_sweep,,,0.0,0.0
128,direct,456,128,5.5,3000.0,4.0,1.0,direct_clustering_sweep,,,0.921875,0.96561625174965
128,direct,456,128,5.5,3000.0,4.0,1.0,direct_clustering_sweep,,,0.921875,0.96561625174965
88,direct,456,64,5.5,3000.0,2.5,1.0,direct_clustering_sweep,,,0.0,0.0
88,direct,456,64,5.5,3000.0,2.5,1.0,direct_clustering_sweep,,,0.0,0.0
117,direct,456,128,3.0,3000.0,4.0,2.5,direct_clustering_sweep,,,0.015625,0.000606128774245151
117,direct,456,128,3.0,3000.0,4.0,2.5,direct_clustering_sweep,,,0.015625,0.000606128774245151
198,direct,789,128,5.5,3000.0,2.5,3.0,direct_clustering_sweep,,,0.015625,0.0015559388122375526
198,direct,789,128,5.5,3000.0,2.5,3.0,direct_clustering_sweep,,,0.015625,0.0015559388122375526
153,direct,789,64,3.0,3000.0,4.0,2.5,direct_clustering_sweep,,,1.0,0.9484821785642872
153,direct,789,64,3.0,3000.0,4.0,2.5,direct_clustering_sweep,,,1.0,0.9484821785642872
38,direct,123,128,3.0,3000.0,1.5,3.0,direct_clustering_sweep,,,0.5625,0.5768346330733853
38,direct,123,128,3.0,3000.0,1.5,3.0,direct_clustering_sweep,,,0.5625,0.5768346330733853
154,direct,789,64,3.0,3000.0,4.0,3.0,direct_clustering_sweep,,,0.96875,0.9649413867226555
154,direct,789,64,3.0,3000.0,4.0,3.0,direct_clustering_sweep,,,0.96875,0.9649413867226555
36,direct,123,128,3.0,3000.0,1.5,1.0,direct_clustering_sweep,,,0.015625,0.00033430813837232555
36,direct,123,128,3.0,3000.0,1.5,1.0,direct_clustering_sweep,,,0.015625,0.00033430813837232555
196,direct,789,128,5.5,3000.0,2.5,1.0,direct_clustering_sweep,,,0.0,1.249750049990002e-05
196,direct,789,128,5.5,3000.0,2.5,1.0,direct_clustering_sweep,,,0.0,1.249750049990002e-05
162,direct,789,64,5.5,3000.0,2.5,3.0,direct_clustering_sweep,,,0.015625,0.0004811537692461508
162,direct,789,64,5.5,3000.0,2.5,3.0,direct_clustering_sweep,,,0.015625,0.0004811537692461508
31,direct,123,64,10.0,3000.0,2.5,4.0,direct_clustering_sweep,,,0.0,0.0
31,direct,123,64,10.0,3000.0,2.5,4.0,direct_clustering_sweep,,,0.0,0.0
165,direct,789,64,5.5,3000.0,4.0,2.5,direct_clustering_sweep,,,0.0,1.249750049990002e-05
165,direct,789,64,5.5,3000.0,4.0,2.5,direct_clustering_sweep,,,0.0,1.249750049990002e-05
191,direct,789,128,3.0,3000.0,4.0,4.0,direct_clustering_sweep,,,0.890625,0.8794459858028394
191,direct,789,128,3.0,3000.0,4.0,4.0,direct_clustering_sweep,,,0.890625,0.8794459858028394
131,direct,456,128,5.5,3000.0,4.0,4.0,direct_clustering_sweep,,,0.953125,0.9443580033993202
131,direct,456,128,5.5,3000.0,4.0,4.0,direct_clustering_sweep,,,0.953125,0.9443580033993202
91,direct,456,64,5.5,3000.0,2.5,4.0,direct_clustering_sweep,,,0.015625,0.0023370325934813038
91,direct,456,64,5.5,3000.0,2.5,4.0,direct_clustering_sweep,,,0.015625,0.0023370325934813038
65,direct,123,128,10.0,3000.0,2.5,2.5,direct_clustering_sweep,,,0.828125,0.7523432813437313
65,direct,123,128,10.0,3000.0,2.5,2.5,direct_clustering_sweep,,,0.828125,0.7523432813437313
136,direct,456,128,10.0,3000.0,2.5,1.0,direct_clustering_sweep,,,0.015625,0.001334108178364327
136,direct,456,128,10.0,3000.0,2.5,1.0,direct_clustering_sweep,,,0.015625,0.001334108178364327
62,direct,123,128,10.0,3000.0,1.5,3.0,direct_clustering_sweep,,,0.0,0.0
62,direct,123,128,10.0,3000.0,1.5,3.0,direct_clustering_sweep,,,0.0,0.0
96,direct,456,64,10.0,3000.0,1.5,1.0,direct_clustering_sweep,,,0.0,0.0
96,direct,456,64,10.0,3000.0,1.5,1.0,direct_clustering_sweep,,,0.0,0.0
109,direct,456,128,3.0,3000.0,1.5,2.5,direct_clustering_sweep,,,0.015625,0.0007748450309938012
109,direct,456,128,3.0,3000.0,1.5,2.5,direct_clustering_sweep,,,0.015625,0.0007748450309938012
100,direct,456,64,10.0,3000.0,2.5,1.0,direct_clustering_sweep,,,0.921875,0.8814455858828234
100,direct,456,64,10.0,3000.0,2.5,1.0,direct_clustering_sweep,,,0.921875,0.8814455858828234
54,direct,123,128,5.5,3000.0,2.5,3.0,direct_clustering_sweep,,,0.015625,0.00020933313337332535
54,direct,123,128,5.5,3000.0,2.5,3.0,direct_clustering_sweep,,,0.015625,0.00020933313337332535
107,direct,456,64,10.0,3000.0,4.0,4.0,direct_clustering_sweep,,,0.71875,0.6895152219556089
107,direct,456,64,10.0,3000.0,4.0,4.0,direct_clustering_sweep,,,0.71875,0.6895152219556089
98,direct,456,64,10.0,3000.0,1.5,3.0,direct_clustering_sweep,,,0.0,0.0
98,direct,456,64,10.0,3000.0,1.5,3.0,direct_clustering_sweep,,,0.0,0.0
138,direct,456,128,10.0,3000.0,2.5,3.0,direct_clustering_sweep,,,0.0,0.0
138,direct,456,128,10.0,3000.0,2.5,3.0,direct_clustering_sweep,,,0.0,0.0
53,direct,123,128,5.5,3000.0,2.5,2.5,direct_clustering_sweep,,,0.75,0.7619382373525295
53,direct,123,128,5.5,3000.0,2.5,2.5,direct_clustering_sweep,,,0.75,0.7619382373525295
30,direct,123,64,10.0,3000.0,2.5,3.0,direct_clustering_sweep,,,0.0,0.0
30,direct,123,64,10.0,3000.0,2.5,3.0,direct_clustering_sweep,,,0.0,0.0
190,direct,789,128,3.0,3000.0,4.0,3.0,direct_clustering_sweep,,,0.015625,0.0014309638072385522
190,direct,789,128,3.0,3000.0,4.0,3.0,direct_clustering_sweep,,,0.015625,0.0014309638072385522
164,direct,789,64,5.5,3000.0,4.0,1.0,direct_clustering_sweep,,,0.03125,0.0016715406918616277
164,direct,789,64,5.5,3000.0,4.0,1.0,direct_clustering_sweep,,,0.03125,0.0016715406918616277
37,direct,123,128,3.0,3000.0,1.5,2.5,direct_clustering_sweep,,,0.28125,0.20879574085182964
37,direct,123,128,3.0,3000.0,1.5,2.5,direct_clustering_sweep,,,0.28125,0.20879574085182964
163,direct,789,64,5.5,3000.0,2.5,4.0,direct_clustering_sweep,,,0.015625,0.000618626274745051
163,direct,789,64,5.5,3000.0,2.5,4.0,direct_clustering_sweep,,,0.015625,0.000618626274745051
197,direct,789,128,5.5,3000.0,2.5,2.5,direct_clustering_sweep,,,0.0,1.249750049990002e-05
197,direct,789,128,5.5,3000.0,2.5,2.5,direct_clustering_sweep,,,0.0,1.249750049990002e-05
155,direct,789,64,3.0,3000.0,4.0,4.0,direct_clustering_sweep,,,0.953125,0.9659349380123975
155,direct,789,64,3.0,3000.0,4.0,4.0,direct_clustering_sweep,,,0.953125,0.9659349380123975
199,direct,789,128,5.5,3000.0,2.5,4.0,direct_clustering_sweep,,,0.9375,0.9174383873225355
199,direct,789,128,5.5,3000.0,2.5,4.0,direct_clustering_sweep,,,0.9375,0.9174383873225355
39,direct,123,128,3.0,3000.0,1.5,4.0,direct_clustering_sweep,,,0.0,0.0
39,direct,123,128,3.0,3000.0,1.5,4.0,direct_clustering_sweep,,,0.0,0.0
152,direct,789,64,3.0,3000.0,4.0,1.0,direct_clustering_sweep,,,0.0,0.0
152,direct,789,64,3.0,3000.0,4.0,1.0,direct_clustering_sweep,,,0.0,0.0
106,direct,456,64,10.0,3000.0,4.0,3.0,direct_clustering_sweep,,,0.0,3.749250149970006e-05
106,direct,456,64,10.0,3000.0,4.0,3.0,direct_clustering_sweep,,,0.0,3.749250149970006e-05
99,direct,456,64,10.0,3000.0,1.5,4.0,direct_clustering_sweep,,,0.75,0.6926770895820836
99,direct,456,64,10.0,3000.0,1.5,4.0,direct_clustering_sweep,,,0.75,0.6926770895820836
52,direct,123,128,5.5,3000.0,2.5,1.0,direct_clustering_sweep,,,0.734375,0.624500099980004
52,direct,123,128,5.5,3000.0,2.5,1.0,direct_clustering_sweep,,,0.734375,0.624500099980004
139,direct,456,128,10.0,3000.0,2.5,4.0,direct_clustering_sweep,,,0.0,0.0
139,direct,456,128,10.0,3000.0,2.5,4.0,direct_clustering_sweep,,,0.0,0.0
101,direct,456,64,10.0,3000.0,2.5,2.5,direct_clustering_sweep,,,0.90625,0.9329509098180364
101,direct,456,64,10.0,3000.0,2.5,2.5,direct_clustering_sweep,,,0.90625,0.9329509098180364
55,direct,123,128,5.5,3000.0,2.5,4.0,direct_clustering_sweep,,,0.015625,0.0008029644071185762
55,direct,123,128,5.5,3000.0,2.5,4.0,direct_clustering_sweep,,,0.015625,0.0008029644071185762
137,direct,456,128,10.0,3000.0,2.5,2.5,direct_clustering_sweep,,,0.828125,0.7717925164967007
137,direct,456,128,10.0,3000.0,2.5,2.5,direct_clustering_sweep,,,0.828125,0.7717925164967007
97,direct,456,64,10.0,3000.0,1.5,2.5,direct_clustering_sweep,,,0.0,0.0
97,direct,456,64,10.0,3000.0,1.5,2.5,direct_clustering_sweep,,,0.0,0.0
108,direct,456,128,3.0,3000.0,1.5,1.0,direct_clustering_sweep,,,0.015625,0.00033430813837232555
108,direct,456,128,3.0,3000.0,1.5,1.0,direct_clustering_sweep,,,0.015625,0.00033430813837232555
63,direct,123,128,10.0,3000.0,1.5,4.0,direct_clustering_sweep,,,0.015625,0.000659243151369726
63,direct,123,128,10.0,3000.0,1.5,4.0,direct_clustering_sweep,,,0.015625,0.000659243151369726
130,direct,456,128,5.5,3000.0,4.0,3.0,direct_clustering_sweep,,,0.90625,0.9049002699460108
130,direct,456,128,5.5,3000.0,4.0,3.0,direct_clustering_sweep,,,0.90625,0.9049002699460108
64,direct,123,128,10.0,3000.0,2.5,1.0,direct_clustering_sweep,,,0.640625,0.627624475104979
64,direct,123,128,10.0,3000.0,2.5,1.0,direct_clustering_sweep,,,0.640625,0.627624475104979
90,direct,456,64,5.5,3000.0,2.5,3.0,direct_clustering_sweep,,,0.015625,0.0003061887622475505
90,direct,456,64,5.5,3000.0,2.5,3.0,direct_clustering_sweep,,,0.015625,0.0003061887622475505
212,direct,789,128,10.0,3000.0,4.0,1.0,direct_clustering_sweep,,,0.96875,0.9807038592281544
212,direct,789,128,10.0,3000.0,4.0,1.0,direct_clustering_sweep,,,0.96875,0.9807038592281544
215,direct,789,128,10.0,3000.0,4.0,4.0,direct_clustering_sweep,,,1.0,0.9731866126774645
215,direct,789,128,10.0,3000.0,4.0,4.0,direct_clustering_sweep,,,1.0,0.9731866126774645
214,direct,789,128,10.0,3000.0,4.0,3.0,direct_clustering_sweep,,,0.921875,0.9546840631873625
214,direct,789,128,10.0,3000.0,4.0,3.0,direct_clustering_sweep,,,0.921875,0.9546840631873625
213,direct,789,128,10.0,3000.0,4.0,2.5,direct_clustering_sweep,,,0.0,1.249750049990002e-05
213,direct,789,128,10.0,3000.0,4.0,2.5,direct_clustering_sweep,,,0.0,1.249750049990002e-05
209,direct,789,128,10.0,3000.0,2.5,2.5,direct_clustering_sweep,,,0.96875,0.9806538692261547
209,direct,789,128,10.0,3000.0,2.5,2.5,direct_clustering_sweep,,,0.96875,0.9806538692261547
200,direct,789,128,5.5,3000.0,4.0,1.0,direct_clustering_sweep,,,1.0,0.9495382173565287
200,direct,789,128,5.5,3000.0,4.0,1.0,direct_clustering_sweep,,,1.0,0.9495382173565287
207,direct,789,128,10.0,3000.0,1.5,4.0,direct_clustering_sweep,,,0.984375,0.9756517446510697
207,direct,789,128,10.0,3000.0,1.5,4.0,direct_clustering_sweep,,,0.984375,0.9756517446510697
206,direct,789,128,10.0,3000.0,1.5,3.0,direct_clustering_sweep,,,0.0,1.249750049990002e-05
206,direct,789,128,10.0,3000.0,1.5,3.0,direct_clustering_sweep,,,0.0,1.249750049990002e-05
201,direct,789,128,5.5,3000.0,4.0,2.5,direct_clustering_sweep,,,0.0,1.249750049990002e-05
201,direct,789,128,5.5,3000.0,4.0,2.5,direct_clustering_sweep,,,0.0,1.249750049990002e-05
208,direct,789,128,10.0,3000.0,2.5,1.0,direct_clustering_sweep,,,0.96875,0.9806976104779044
208,direct,789,128,10.0,3000.0,2.5,1.0,direct_clustering_sweep,,,0.96875,0.9806976104779044
46,direct,123,128,3.0,3000.0,4.0,3.0,direct_clustering_sweep,,,0.90625,0.8947679214157168
46,direct,123,128,3.0,3000.0,4.0,3.0,direct_clustering_sweep,,,0.90625,0.8947679214157168
79,direct,456,64,3.0,3000.0,2.5,4.0,direct_clustering_sweep,,,0.78125,0.7822904169166167
79,direct,456,64,3.0,3000.0,2.5,4.0,direct_clustering_sweep,,,0.78125,0.7822904169166167
112,direct,456,128,3.0,3000.0,2.5,1.0,direct_clustering_sweep,,,0.0,0.0
112,direct,456,128,3.0,3000.0,2.5,1.0,direct_clustering_sweep,,,0.0,0.0
41,direct,123,128,3.0,3000.0,2.5,2.5,direct_clustering_sweep,,,0.0,0.00015309438112377525
41,direct,123,128,3.0,3000.0,2.5,2.5,direct_clustering_sweep,,,0.0,0.00015309438112377525
115,direct,456,128,3.0,3000.0,2.5,4.0,direct_clustering_sweep,,,0.0,0.0
115,direct,456,128,3.0,3000.0,2.5,4.0,direct_clustering_sweep,,,0.0,0.0
83,direct,456,64,3.0,3000.0,4.0,4.0,direct_clustering_sweep,,,0.015625,0.0010154219156168767
83,direct,456,64,3.0,3000.0,4.0,4.0,direct_clustering_sweep,,,0.015625,0.0010154219156168767
77,direct,456,64,3.0,3000.0,2.5,2.5,direct_clustering_sweep,,,0.921875,0.9106866126774645
77,direct,456,64,3.0,3000.0,2.5,2.5,direct_clustering_sweep,,,0.921875,0.9106866126774645
123,direct,456,128,5.5,3000.0,1.5,4.0,direct_clustering_sweep,,,0.0,0.0
123,direct,456,128,5.5,3000.0,1.5,4.0,direct_clustering_sweep,,,0.0,0.0
48,direct,123,128,5.5,3000.0,1.5,1.0,direct_clustering_sweep,,,0.0,6.24875024995001e-05
48,direct,123,128,5.5,3000.0,1.5,1.0,direct_clustering_sweep,,,0.0,6.24875024995001e-05
70,direct,123,128,10.0,3000.0,4.0,3.0,direct_clustering_sweep,,,0.0,0.0
70,direct,123,128,10.0,3000.0,4.0,3.0,direct_clustering_sweep,,,0.0,0.0
84,direct,456,64,5.5,3000.0,1.5,1.0,direct_clustering_sweep,,,0.0,0.0
84,direct,456,64,5.5,3000.0,1.5,1.0,direct_clustering_sweep,,,0.0,0.0
124,direct,456,128,5.5,3000.0,2.5,1.0,direct_clustering_sweep,,,0.0,0.0
124,direct,456,128,5.5,3000.0,2.5,1.0,direct_clustering_sweep,,,0.0,0.0
184,direct,789,128,3.0,3000.0,2.5,1.0,direct_clustering_sweep,,,0.9375,0.9308544541091782
184,direct,789,128,3.0,3000.0,2.5,1.0,direct_clustering_sweep,,,0.9375,0.9308544541091782
170,direct,789,64,10.0,3000.0,1.5,3.0,direct_clustering_sweep,,,0.0,1.249750049990002e-05
170,direct,789,64,10.0,3000.0,1.5,3.0,direct_clustering_sweep,,,0.0,1.249750049990002e-05
24,direct,123,64,10.0,3000.0,1.5,1.0,direct_clustering_sweep,,,0.0,0.0
24,direct,123,64,10.0,3000.0,1.5,1.0,direct_clustering_sweep,,,0.0,0.0
177,direct,789,64,10.0,3000.0,4.0,2.5,direct_clustering_sweep,,,0.0,1.249750049990002e-05
177,direct,789,64,10.0,3000.0,4.0,2.5,direct_clustering_sweep,,,0.0,1.249750049990002e-05
183,direct,789,128,3.0,3000.0,1.5,4.0,direct_clustering_sweep,,,0.0,1.249750049990002e-05
183,direct,789,128,3.0,3000.0,1.5,4.0,direct_clustering_sweep,,,0.0,1.249750049990002e-05
148,direct,789,64,3.0,3000.0,2.5,1.0,direct_clustering_sweep,,,0.0,1.874625074985003e-05
148,direct,789,64,3.0,3000.0,2.5,1.0,direct_clustering_sweep,,,0.0,1.874625074985003e-05
23,direct,123,64,5.5,3000.0,4.0,4.0,direct_clustering_sweep,,,0.5625,0.5064205908818237
23,direct,123,64,5.5,3000.0,4.0,4.0,direct_clustering_sweep,,,0.5625,0.5064205908818237
141,direct,456,128,10.0,3000.0,4.0,2.5,direct_clustering_sweep,,,0.0,0.0
141,direct,456,128,10.0,3000.0,4.0,2.5,direct_clustering_sweep,,,0.0,0.0
4,direct,123,64,3.0,3000.0,2.5,1.0,direct_clustering_sweep,,,0.0,0.0
4,direct,123,64,3.0,3000.0,2.5,1.0,direct_clustering_sweep,,,0.0,0.0
15,direct,123,64,5.5,3000.0,1.5,4.0,direct_clustering_sweep,,,0.0,0.0
15,direct,123,64,5.5,3000.0,1.5,4.0,direct_clustering_sweep,,,0.0,0.0
3,direct,123,64,3.0,3000.0,1.5,4.0,direct_clustering_sweep,,,0.0,0.0
3,direct,123,64,3.0,3000.0,1.5,4.0,direct_clustering_sweep,,,0.0,0.0
146,direct,789,64,3.0,3000.0,1.5,3.0,direct_clustering_sweep,,,0.875,0.9005573885222955
146,direct,789,64,3.0,3000.0,1.5,3.0,direct_clustering_sweep,,,0.875,0.9005573885222955
12,direct,123,64,5.5,3000.0,1.5,1.0,direct_clustering_sweep,,,0.0,0.0
12,direct,123,64,5.5,3000.0,1.5,1.0,direct_clustering_sweep,,,0.0,0.0
179,direct,789,64,10.0,3000.0,4.0,4.0,direct_clustering_sweep,,,0.0,1.249750049990002e-05
179,direct,789,64,10.0,3000.0,4.0,4.0,direct_clustering_sweep,,,0.0,1.249750049990002e-05
85,direct,456,64,5.5,3000.0,1.5,2.5,direct_clustering_sweep,,,0.0,0.0
85,direct,456,64,5.5,3000.0,1.5,2.5,direct_clustering_sweep,,,0.0,0.0
71,direct,123,128,10.0,3000.0,4.0,4.0,direct_clustering_sweep,,,0.0,0.0
71,direct,123,128,10.0,3000.0,4.0,4.0,direct_clustering_sweep,,,0.0,0.0
125,direct,456,128,5.5,3000.0,2.5,2.5,direct_clustering_sweep,,,0.0,0.0
125,direct,456,128,5.5,3000.0,2.5,2.5,direct_clustering_sweep,,,0.0,0.0
76,direct,456,64,3.0,3000.0,2.5,1.0,direct_clustering_sweep,,,0.875,0.8640834333133374
76,direct,456,64,3.0,3000.0,2.5,1.0,direct_clustering_sweep,,,0.875,0.8640834333133374
82,direct,456,64,3.0,3000.0,4.0,3.0,direct_clustering_sweep,,,0.015625,0.0003280593881223755
82,direct,456,64,3.0,3000.0,4.0,3.0,direct_clustering_sweep,,,0.015625,0.0003280593881223755
49,direct,123,128,5.5,3000.0,1.5,2.5,direct_clustering_sweep,,,0.65625,0.7514059688062388
49,direct,123,128,5.5,3000.0,1.5,2.5,direct_clustering_sweep,,,0.65625,0.7514059688062388
122,direct,456,128,5.5,3000.0,1.5,3.0,direct_clustering_sweep,,,0.0,0.00011872625474905018
122,direct,456,128,5.5,3000.0,1.5,3.0,direct_clustering_sweep,,,0.0,0.00011872625474905018
40,direct,123,128,3.0,3000.0,2.5,1.0,direct_clustering_sweep,,,0.0,1.249750049990002e-05
40,direct,123,128,3.0,3000.0,2.5,1.0,direct_clustering_sweep,,,0.0,1.249750049990002e-05
114,direct,456,128,3.0,3000.0,2.5,3.0,direct_clustering_sweep,,,0.0,0.0
114,direct,456,128,3.0,3000.0,2.5,3.0,direct_clustering_sweep,,,0.0,0.0
47,direct,123,128,3.0,3000.0,4.0,4.0,direct_clustering_sweep,,,0.875,0.9267896420715857
47,direct,123,128,3.0,3000.0,4.0,4.0,direct_clustering_sweep,,,0.875,0.9267896420715857
113,direct,456,128,3.0,3000.0,2.5,2.5,direct_clustering_sweep,,,0.0,0.0
113,direct,456,128,3.0,3000.0,2.5,2.5,direct_clustering_sweep,,,0.0,0.0
78,direct,456,64,3.0,3000.0,2.5,3.0,direct_clustering_sweep,,,0.0,0.0
78,direct,456,64,3.0,3000.0,2.5,3.0,direct_clustering_sweep,,,0.0,0.0
147,direct,789,64,3.0,3000.0,1.5,4.0,direct_clustering_sweep,,,0.0,0.0
147,direct,789,64,3.0,3000.0,1.5,4.0,direct_clustering_sweep,,,0.0,0.0
2,direct,123,64,3.0,3000.0,1.5,3.0,direct_clustering_sweep,,,0.015625,0.00046553189362127576
2,direct,123,64,3.0,3000.0,1.5,3.0,direct_clustering_sweep,,,0.015625,0.00046553189362127576
178,direct,789,64,10.0,3000.0,4.0,3.0,direct_clustering_sweep,,,0.0,1.249750049990002e-05
178,direct,789,64,10.0,3000.0,4.0,3.0,direct_clustering_sweep,,,0.0,1.249750049990002e-05
13,direct,123,64,5.5,3000.0,1.5,2.5,direct_clustering_sweep,,,0.0,0.0
13,direct,123,64,5.5,3000.0,1.5,2.5,direct_clustering_sweep,,,0.0,0.0
5,direct,123,64,3.0,3000.0,2.5,2.5,direct_clustering_sweep,,,0.0,0.0
5,direct,123,64,3.0,3000.0,2.5,2.5,direct_clustering_sweep,,,0.0,0.0
140,direct,456,128,10.0,3000.0,4.0,1.0,direct_clustering_sweep,,,0.0,0.0
140,direct,456,128,10.0,3000.0,4.0,1.0,direct_clustering_sweep,,,0.0,0.0
14,direct,123,64,5.5,3000.0,1.5,3.0,direct_clustering_sweep,,,0.0,1.5621875624875025e-05
14,direct,123,64,5.5,3000.0,1.5,3.0,direct_clustering_sweep,,,0.0,1.5621875624875025e-05
182,direct,789,128,3.0,3000.0,1.5,3.0,direct_clustering_sweep,,,0.96875,0.9804164167166567
182,direct,789,128,3.0,3000.0,1.5,3.0,direct_clustering_sweep,,,0.96875,0.9804164167166567
176,direct,789,64,10.0,3000.0,4.0,1.0,direct_clustering_sweep,,,0.0,4.999000199960008e-05
176,direct,789,64,10.0,3000.0,4.0,1.0,direct_clustering_sweep,,,0.0,4.999000199960008e-05
22,direct,123,64,5.5,3000.0,4.0,3.0,direct_clustering_sweep,,,0.1875,0.21038292341531695
22,direct,123,64,5.5,3000.0,4.0,3.0,direct_clustering_sweep,,,0.1875,0.21038292341531695
149,direct,789,64,3.0,3000.0,2.5,2.5,direct_clustering_sweep,,,0.765625,0.26319736052789444
149,direct,789,64,3.0,3000.0,2.5,2.5,direct_clustering_sweep,,,0.765625,0.26319736052789444
171,direct,789,64,10.0,3000.0,1.5,4.0,direct_clustering_sweep,,,0.015625,0.0005092731453709258
171,direct,789,64,10.0,3000.0,1.5,4.0,direct_clustering_sweep,,,0.015625,0.0005092731453709258
185,direct,789,128,3.0,3000.0,2.5,2.5,direct_clustering_sweep,,,0.96875,0.9742176564687063
185,direct,789,128,3.0,3000.0,2.5,2.5,direct_clustering_sweep,,,0.96875,0.9742176564687063
25,direct,123,64,10.0,3000.0,1.5,2.5,direct_clustering_sweep,,,0.0,3.124375124975005e-05
25,direct,123,64,10.0,3000.0,1.5,2.5,direct_clustering_sweep,,,0.0,3.124375124975005e-05
135,stigmergy,123,64,5.5,,3.5,3.0,stigmergy_decay_threshold_sweep,0.9,1.0,0.015625,0.0003436812637472505
135,stigmergy,123,64,5.5,,3.5,3.0,stigmergy_decay_threshold_sweep,0.9,1.0,0.015625,0.0003436812637472505
307,stigmergy,123,128,3.0,,3.5,3.0,stigmergy_decay_threshold_sweep,0.95,2.0,0.84375,0.8247100579884024
61,stigmergy,123,64,3.0,,3.5,9.0,stigmergy_decay_threshold_sweep,0.9,2.0,0.0,0.0
61,stigmergy,123,64,3.0,,3.5,9.0,stigmergy_decay_threshold_sweep,0.9,2.0,0.0,0.0
95,stigmergy,123,64,5.5,,1.5,6.0,stigmergy_decay_threshold_sweep,0.95,3.0,0.0,2.499500099980004e-05
95,stigmergy,123,64,5.5,,1.5,6.0,stigmergy_decay_threshold_sweep,0.95,3.0,0.0,2.499500099980004e-05
338,stigmergy,123,128,5.5,,1.5,6.0,stigmergy_decay_threshold_sweep,0.95,3.0,0.0,2.8119376124775046e-05
300,stigmergy,123,128,3.0,,3.5,6.0,stigmergy_decay_threshold_sweep,0.9,1.0,0.0,0.0
132,stigmergy,123,64,5.5,,2.5,9.0,stigmergy_decay_threshold_sweep,0.99,1.0,0.0,0.0
132,stigmergy,123,64,5.5,,2.5,9.0,stigmergy_decay_threshold_sweep,0.99,1.0,0.0,0.0
59,stigmergy,123,64,3.0,,3.5,6.0,stigmergy_decay_threshold_sweep,0.9,3.0,0.0,0.0
59,stigmergy,123,64,3.0,,3.5,6.0,stigmergy_decay_threshold_sweep,0.9,3.0,0.0,0.0
92,stigmergy,123,64,5.5,,1.5,3.0,stigmergy_decay_threshold_sweep,0.95,3.0,0.546875,0.5256573685262947
92,stigmergy,123,64,5.5,,1.5,3.0,stigmergy_decay_threshold_sweep,0.95,3.0,0.546875,0.5256573685262947
66,stigmergy,123,64,3.0,,3.5,6.0,stigmergy_decay_threshold_sweep,0.95,1.0,0.0,0.0
66,stigmergy,123,64,3.0,,3.5,6.0,stigmergy_decay_threshold_sweep,0.95,1.0,0.0,0.0
336,stigmergy,123,128,5.5,,1.5,6.0,stigmergy_decay_threshold_sweep,0.95,1.0,0.0,0.0
104,stigmergy,123,64,5.5,,1.5,6.0,stigmergy_decay_threshold_sweep,0.99,3.0,0.875,0.8140403169366127
104,stigmergy,123,64,5.5,,1.5,6.0,stigmergy_decay_threshold_sweep,0.99,3.0,0.875,0.8140403169366127
309,stigmergy,123,128,3.0,,3.5,6.0,stigmergy_decay_threshold_sweep,0.95,1.0,0.0,0.0
50,stigmergy,123,64,3.0,,2.5,6.0,stigmergy_decay_threshold_sweep,0.99,3.0,0.859375,0.837873050389922
50,stigmergy,123,64,3.0,,2.5,6.0,stigmergy_decay_threshold_sweep,0.99,3.0,0.859375,0.837873050389922
68,stigmergy,123,64,3.0,,3.5,6.0,stigmergy_decay_threshold_sweep,0.95,3.0,0.015625,0.0003249350129974005
68,stigmergy,123,64,3.0,,3.5,6.0,stigmergy_decay_threshold_sweep,0.95,3.0,0.015625,0.0003249350129974005
103,stigmergy,123,64,5.5,,1.5,6.0,stigmergy_decay_threshold_sweep,0.99,2.0,0.734375,0.6968200109978004
103,stigmergy,123,64,5.5,,1.5,6.0,stigmergy_decay_threshold_sweep,0.99,2.0,0.734375,0.6968200109978004
331,stigmergy,123,128,5.5,,1.5,9.0,stigmergy_decay_threshold_sweep,0.9,2.0,0.0,0.0
57,stigmergy,123,64,3.0,,3.5,6.0,stigmergy_decay_threshold_sweep,0.9,1.0,0.0,0.0
57,stigmergy,123,64,3.0,,3.5,6.0,stigmergy_decay_threshold_sweep,0.9,1.0,0.0,0.0
168,stigmergy,123,64,10.0,,1.5,9.0,stigmergy_decay_threshold_sweep,0.9,1.0,0.0,1.249750049990002e-05
168,stigmergy,123,64,10.0,,1.5,9.0,stigmergy_decay_threshold_sweep,0.9,1.0,0.0,1.249750049990002e-05
391,stigmergy,123,128,5.5,,3.5,6.0,stigmergy_decay_threshold_sweep,0.95,2.0,0.0,5.155218956208758e-05
365,stigmergy,123,128,5.5,,2.5,6.0,stigmergy_decay_threshold_sweep,0.95,3.0,0.84375,0.8268283843231353
157,stigmergy,123,64,5.5,,3.5,6.0,stigmergy_decay_threshold_sweep,0.99,2.0,0.984375,0.945245325934813
157,stigmergy,123,64,5.5,,3.5,6.0,stigmergy_decay_threshold_sweep,0.99,2.0,0.984375,0.945245325934813
150,stigmergy,123,64,5.5,,3.5,9.0,stigmergy_decay_threshold_sweep,0.95,1.0,0.0,0.0
150,stigmergy,123,64,5.5,,3.5,9.0,stigmergy_decay_threshold_sweep,0.95,1.0,0.0,0.0
362,stigmergy,123,128,5.5,,2.5,3.0,stigmergy_decay_threshold_sweep,0.95,3.0,0.9296875,0.9192192811437713
159,stigmergy,123,64,5.5,,3.5,9.0,stigmergy_decay_threshold_sweep,0.99,1.0,0.0,0.0
159,stigmergy,123,64,5.5,,3.5,9.0,stigmergy_decay_threshold_sweep,0.99,1.0,0.0,0.0
32,stigmergy,123,64,3.0,,2.5,6.0,stigmergy_decay_threshold_sweep,0.9,3.0,0.0,0.0
32,stigmergy,123,64,3.0,,2.5,6.0,stigmergy_decay_threshold_sweep,0.9,3.0,0.0,0.0
166,stigmergy,123,64,10.0,,1.5,6.0,stigmergy_decay_threshold_sweep,0.9,2.0,0.0,1.249750049990002e-05
166,stigmergy,123,64,10.0,,1.5,6.0,stigmergy_decay_threshold_sweep,0.9,2.0,0.0,1.249750049990002e-05
354,stigmergy,123,128,5.5,,2.5,6.0,stigmergy_decay_threshold_sweep,0.9,1.0,0.0,0.0
192,stigmergy,123,64,10.0,,2.5,6.0,stigmergy_decay_threshold_sweep,0.9,1.0,0.0,1.249750049990002e-05
192,stigmergy,123,64,10.0,,2.5,6.0,stigmergy_decay_threshold_sweep,0.9,1.0,0.0,1.249750049990002e-05
35,stigmergy,123,64,3.0,,2.5,9.0,stigmergy_decay_threshold_sweep,0.9,3.0,0.0,0.0
35,stigmergy,123,64,3.0,,2.5,9.0,stigmergy_decay_threshold_sweep,0.9,3.0,0.0,0.0
195,stigmergy,123,64,10.0,,2.5,9.0,stigmergy_decay_threshold_sweep,0.9,1.0,0.0,1.249750049990002e-05
195,stigmergy,123,64,10.0,,2.5,9.0,stigmergy_decay_threshold_sweep,0.9,1.0,0.0,1.249750049990002e-05
353,stigmergy,123,128,5.5,,2.5,3.0,stigmergy_decay_threshold_sweep,0.9,3.0,0.8359375,0.832499125174965
161,stigmergy,123,64,5.5,,3.5,9.0,stigmergy_decay_threshold_sweep,0.99,3.0,0.90625,0.9443330083983204
161,stigmergy,123,64,5.5,,3.5,9.0,stigmergy_decay_threshold_sweep,0.99,3.0,0.90625,0.9443330083983204
330,stigmergy,123,128,5.5,,1.5,9.0,stigmergy_decay_threshold_sweep,0.9,1.0,0.0,0.0
102,stigmergy,123,64,5.5,,1.5,6.0,stigmergy_decay_threshold_sweep,0.99,1.0,0.0,0.0
102,stigmergy,123,64,5.5,,1.5,6.0,stigmergy_decay_threshold_sweep,0.99,1.0,0.0,0.0
69,stigmergy,123,64,3.0,,3.5,9.0,stigmergy_decay_threshold_sweep,0.95,1.0,0.0,0.0
69,stigmergy,123,64,3.0,,3.5,9.0,stigmergy_decay_threshold_sweep,0.95,1.0,0.0,0.0
56,stigmergy,123,64,3.0,,3.5,3.0,stigmergy_decay_threshold_sweep,0.9,3.0,0.5,0.23170678364327135
56,stigmergy,123,64,3.0,,3.5,3.0,stigmergy_decay_threshold_sweep,0.9,3.0,0.5,0.23170678364327135
105,stigmergy,123,64,5.5,,1.5,9.0,stigmergy_decay_threshold_sweep,0.99,1.0,0.0,0.0
105,stigmergy,123,64,5.5,,1.5,9.0,stigmergy_decay_threshold_sweep,0.99,1.0,0.0,0.0
337,stigmergy,123,128,5.5,,1.5,6.0,stigmergy_decay_threshold_sweep,0.95,2.0,0.0,0.0
51,stigmergy,123,64,3.0,,2.5,9.0,stigmergy_decay_threshold_sweep,0.99,1.0,0.0,0.0
51,stigmergy,123,64,3.0,,2.5,9.0,stigmergy_decay_threshold_sweep,0.99,1.0,0.0,0.0
308,stigmergy,123,128,3.0,,3.5,3.0,stigmergy_decay_threshold_sweep,0.95,3.0,0.8828125,0.886994476104779
58,stigmergy,123,64,3.0,,3.5,6.0,stigmergy_decay_threshold_sweep,0.9,2.0,0.0,0.0
58,stigmergy,123,64,3.0,,3.5,6.0,stigmergy_decay_threshold_sweep,0.9,2.0,0.0,0.0
133,stigmergy,123,64,5.5,,2.5,9.0,stigmergy_decay_threshold_sweep,0.99,2.0,0.90625,0.8467181563687263
133,stigmergy,123,64,5.5,,2.5,9.0,stigmergy_decay_threshold_sweep,0.99,2.0,0.90625,0.8467181563687263
301,stigmergy,123,128,3.0,,3.5,6.0,stigmergy_decay_threshold_sweep,0.9,2.0,0.0,0.0
67,stigmergy,123,64,3.0,,3.5,6.0,stigmergy_decay_threshold_sweep,0.95,2.0,0.0,1.249750049990002e-05
67,stigmergy,123,64,3.0,,3.5,6.0,stigmergy_decay_threshold_sweep,0.95,2.0,0.0,1.249750049990002e-05
93,stigmergy,123,64,5.5,,1.5,6.0,stigmergy_decay_threshold_sweep,0.95,1.0,0.0,0.0
93,stigmergy,123,64,5.5,,1.5,6.0,stigmergy_decay_threshold_sweep,0.95,1.0,0.0,0.0
306,stigmergy,123,128,3.0,,3.5,3.0,stigmergy_decay_threshold_sweep,0.95,1.0,0.6484375,0.04964007198560288
134,stigmergy,123,64,5.5,,2.5,9.0,stigmergy_decay_threshold_sweep,0.99,3.0,0.9375,0.9069123675264947
134,stigmergy,123,64,5.5,,2.5,9.0,stigmergy_decay_threshold_sweep,0.99,3.0,0.9375,0.9069123675264947
94,stigmergy,123,64,5.5,,1.5,6.0,stigmergy_decay_threshold_sweep,0.95,2.0,0.0,0.0
94,stigmergy,123,64,5.5,,1.5,6.0,stigmergy_decay_threshold_sweep,0.95,2.0,0.0,0.0
339,stigmergy,123,128,5.5,,1.5,9.0,stigmergy_decay_threshold_sweep,0.95,1.0,0.0,0.0
60,stigmergy,123,64,3.0,,3.5,9.0,stigmergy_decay_threshold_sweep,0.9,1.0,0.0,0.0
60,stigmergy,123,64,3.0,,3.5,9.0,stigmergy_decay_threshold_sweep,0.9,1.0,0.0,0.0
34,stigmergy,123,64,3.0,,2.5,9.0,stigmergy_decay_threshold_sweep,0.9,2.0,0.0,0.0
34,stigmergy,123,64,3.0,,2.5,9.0,stigmergy_decay_threshold_sweep,0.9,2.0,0.0,0.0
160,stigmergy,123,64,5.5,,3.5,9.0,stigmergy_decay_threshold_sweep,0.99,2.0,0.921875,0.908002774445111
160,stigmergy,123,64,5.5,,3.5,9.0,stigmergy_decay_threshold_sweep,0.99,2.0,0.921875,0.908002774445111
352,stigmergy,123,128,5.5,,2.5,3.0,stigmergy_decay_threshold_sweep,0.9,2.0,0.78125,0.7316177389522096
194,stigmergy,123,64,10.0,,2.5,6.0,stigmergy_decay_threshold_sweep,0.9,3.0,0.0,1.249750049990002e-05
194,stigmergy,123,64,10.0,,2.5,6.0,stigmergy_decay_threshold_sweep,0.9,3.0,0.0,1.249750049990002e-05
33,stigmergy,123,64,3.0,,2.5,9.0,stigmergy_decay_threshold_sweep,0.9,1.0,0.0,0.0
33,stigmergy,123,64,3.0,,2.5,9.0,stigmergy_decay_threshold_sweep,0.9,1.0,0.0,0.0
158,stigmergy,123,64,5.5,,3.5,6.0,stigmergy_decay_threshold_sweep,0.99,3.0,0.953125,0.9592737702459508
158,stigmergy,123,64,5.5,,3.5,6.0,stigmergy_decay_threshold_sweep,0.99,3.0,0.953125,0.9592737702459508
193,stigmergy,123,64,10.0,,2.5,6.0,stigmergy_decay_threshold_sweep,0.9,2.0,0.0,1.249750049990002e-05
193,stigmergy,123,64,10.0,,2.5,6.0,stigmergy_decay_threshold_sweep,0.9,2.0,0.0,1.249750049990002e-05
355,stigmergy,123,128,5.5,,2.5,6.0,stigmergy_decay_threshold_sweep,0.9,2.0,0.0,0.0
167,stigmergy,123,64,10.0,,1.5,6.0,stigmergy_decay_threshold_sweep,0.9,3.0,0.0,1.249750049990002e-05
167,stigmergy,123,64,10.0,,1.5,6.0,stigmergy_decay_threshold_sweep,0.9,3.0,0.0,1.249750049990002e-05
363,stigmergy,123,128,5.5,,2.5,6.0,stigmergy_decay_threshold_sweep,0.95,1.0,0.0,0.0
151,stigmergy,123,64,5.5,,3.5,9.0,stigmergy_decay_threshold_sweep,0.95,2.0,0.0,0.0
151,stigmergy,123,64,5.5,,3.5,9.0,stigmergy_decay_threshold_sweep,0.95,2.0,0.0,0.0
169,stigmergy,123,64,10.0,,1.5,9.0,stigmergy_decay_threshold_sweep,0.9,2.0,0.0,1.249750049990002e-05
169,stigmergy,123,64,10.0,,1.5,9.0,stigmergy_decay_threshold_sweep,0.9,2.0,0.0,1.249750049990002e-05
156,stigmergy,123,64,5.5,,3.5,6.0,stigmergy_decay_threshold_sweep,0.99,1.0,0.828125,0.8756904869026195
156,stigmergy,123,64,5.5,,3.5,6.0,stigmergy_decay_threshold_sweep,0.99,1.0,0.828125,0.8756904869026195
364,stigmergy,123,128,5.5,,2.5,6.0,stigmergy_decay_threshold_sweep,0.95,2.0,0.0,0.0
390,stigmergy,123,128,5.5,,3.5,6.0,stigmergy_decay_threshold_sweep,0.95,1.0,0.0,0.0
216,stigmergy,123,64,10.0,,3.5,3.0,stigmergy_decay_threshold_sweep,0.9,1.0,0.015625,0.0007342281543691262
229,stigmergy,123,64,10.0,,3.5,6.0,stigmergy_decay_threshold_sweep,0.95,2.0,0.0,4.686562687462508e-05
211,stigmergy,123,64,10.0,,2.5,6.0,stigmergy_decay_threshold_sweep,0.99,2.0,0.96875,0.9743488802239552
211,stigmergy,123,64,10.0,,2.5,6.0,stigmergy_decay_threshold_sweep,0.99,2.0,0.96875,0.9743488802239552
227,stigmergy,123,64,10.0,,3.5,3.0,stigmergy_decay_threshold_sweep,0.95,3.0,1.0,0.9679157918416317
218,stigmergy,123,64,10.0,,3.5,3.0,stigmergy_decay_threshold_sweep,0.9,3.0,0.875,0.924999375124975
220,stigmergy,123,64,10.0,,3.5,6.0,stigmergy_decay_threshold_sweep,0.9,2.0,0.0,1.249750049990002e-05
280,stigmergy,123,128,3.0,,2.5,3.0,stigmergy_decay_threshold_sweep,0.95,2.0,0.78125,0.7059838032393522
274,stigmergy,123,128,3.0,,2.5,6.0,stigmergy_decay_threshold_sweep,0.9,2.0,0.0,0.0
273,stigmergy,123,128,3.0,,2.5,6.0,stigmergy_decay_threshold_sweep,0.9,1.0,0.0,0.0
287,stigmergy,123,128,3.0,,2.5,9.0,stigmergy_decay_threshold_sweep,0.95,3.0,0.0,0.0
245,stigmergy,123,128,3.0,,1.5,3.0,stigmergy_decay_threshold_sweep,0.9,3.0,0.0,0.0011950734853029394
289,stigmergy,123,128,3.0,,2.5,3.0,stigmergy_decay_threshold_sweep,0.99,2.0,0.9453125,0.935750349930014
242,stigmergy,123,64,10.0,,3.5,9.0,stigmergy_decay_threshold_sweep,0.99,3.0,0.96875,0.9786886372725455
221,stigmergy,123,64,10.0,,3.5,6.0,stigmergy_decay_threshold_sweep,0.9,3.0,0.0,1.249750049990002e-05
226,stigmergy,123,64,10.0,,3.5,3.0,stigmergy_decay_threshold_sweep,0.95,2.0,0.984375,0.951000424915017
219,stigmergy,123,64,10.0,,3.5,6.0,stigmergy_decay_threshold_sweep,0.9,1.0,0.0,1.249750049990002e-05
210,stigmergy,123,64,10.0,,2.5,6.0,stigmergy_decay_threshold_sweep,0.99,1.0,0.953125,0.9348099130173965
210,stigmergy,123,64,10.0,,2.5,6.0,stigmergy_decay_threshold_sweep,0.99,1.0,0.953125,0.9348099130173965
217,stigmergy,123,64,10.0,,3.5,3.0,stigmergy_decay_threshold_sweep,0.9,2.0,0.875,0.42062837432513495
228,stigmergy,123,64,10.0,,3.5,6.0,stigmergy_decay_threshold_sweep,0.95,1.0,0.0,1.249750049990002e-05
288,stigmergy,123,128,3.0,,2.5,3.0,stigmergy_decay_threshold_sweep,0.99,1.0,0.8828125,0.8913701634673066
243,stigmergy,123,128,3.0,,1.5,3.0,stigmergy_decay_threshold_sweep,0.9,1.0,0.0078125,0.00016715406918616277
244,stigmergy,123,128,3.0,,1.5,3.0,stigmergy_decay_threshold_sweep,0.9,2.0,0.0078125,0.00027963157368526294
286,stigmergy,123,128,3.0,,2.5,9.0,stigmergy_decay_threshold_sweep,0.95,2.0,0.0,0.0
272,stigmergy,123,128,3.0,,2.5,3.0,stigmergy_decay_threshold_sweep,0.9,3.0,0.6953125,0.6244735427914417
275,stigmergy,123,128,3.0,,2.5,6.0,stigmergy_decay_threshold_sweep,0.9,3.0,0.0,0.0
281,stigmergy,123,128,3.0,,2.5,3.0,stigmergy_decay_threshold_sweep,0.95,3.0,0.8203125,0.8097864802039592
257,stigmergy,123,128,3.0,,1.5,6.0,stigmergy_decay_threshold_sweep,0.95,3.0,0.0,0.0
268,stigmergy,123,128,3.0,,1.5,9.0,stigmergy_decay_threshold_sweep,0.99,2.0,0.0,0.0001265371925614877
250,stigmergy,123,128,3.0,,1.5,9.0,stigmergy_decay_threshold_sweep,0.9,2.0,0.0,0.0
292,stigmergy,123,128,3.0,,2.5,6.0,stigmergy_decay_threshold_sweep,0.99,2.0,0.890625,0.8844012447510498
266,stigmergy,123,128,3.0,,1.5,6.0,stigmergy_decay_threshold_sweep,0.99,3.0,0.796875,0.7562674965006999
259,stigmergy,123,128,3.0,,1.5,9.0,stigmergy_decay_threshold_sweep,0.95,2.0,0.0,0.0
261,stigmergy,123,128,3.0,,1.5,3.0,stigmergy_decay_threshold_sweep,0.99,1.0,0.5546875,0.663675077484503
295,stigmergy,123,128,3.0,,2.5,9.0,stigmergy_decay_threshold_sweep,0.99,2.0,0.8671875,0.819303326834633
235,stigmergy,123,64,10.0,,3.5,3.0,stigmergy_decay_threshold_sweep,0.99,2.0,0.96875,0.9806538692261547
232,stigmergy,123,64,10.0,,3.5,9.0,stigmergy_decay_threshold_sweep,0.95,2.0,0.0,1.249750049990002e-05
204,stigmergy,123,64,10.0,,2.5,9.0,stigmergy_decay_threshold_sweep,0.95,1.0,0.0,1.249750049990002e-05
204,stigmergy,123,64,10.0,,2.5,9.0,stigmergy_decay_threshold_sweep,0.95,1.0,0.0,1.249750049990002e-05
203,stigmergy,123,64,10.0,,2.5,6.0,stigmergy_decay_threshold_sweep,0.95,3.0,0.890625,0.8293934963007399
203,stigmergy,123,64,10.0,,2.5,6.0,stigmergy_decay_threshold_sweep,0.95,3.0,0.890625,0.8293934963007399
294,stigmergy,123,128,3.0,,2.5,9.0,stigmergy_decay_threshold_sweep,0.99,1.0,0.0,0.0
260,stigmergy,123,128,3.0,,1.5,9.0,stigmergy_decay_threshold_sweep,0.95,3.0,0.0,0.0
267,stigmergy,123,128,3.0,,1.5,9.0,stigmergy_decay_threshold_sweep,0.99,1.0,0.0,0.0
293,stigmergy,123,128,3.0,,2.5,6.0,stigmergy_decay_threshold_sweep,0.99,3.0,0.9375,0.9230435162967406
258,stigmergy,123,128,3.0,,1.5,9.0,stigmergy_decay_threshold_sweep,0.95,1.0,0.0,0.0
251,stigmergy,123,128,3.0,,1.5,9.0,stigmergy_decay_threshold_sweep,0.9,3.0,0.0,0.0
256,stigmergy,123,128,3.0,,1.5,6.0,stigmergy_decay_threshold_sweep,0.95,2.0,0.0,0.0
269,stigmergy,123,128,3.0,,1.5,9.0,stigmergy_decay_threshold_sweep,0.99,3.0,0.6484375,0.6572060587882423
202,stigmergy,123,64,10.0,,2.5,6.0,stigmergy_decay_threshold_sweep,0.95,2.0,0.0,4.686562687462508e-05
202,stigmergy,123,64,10.0,,2.5,6.0,stigmergy_decay_threshold_sweep,0.95,2.0,0.0,4.686562687462508e-05
205,stigmergy,123,64,10.0,,2.5,9.0,stigmergy_decay_threshold_sweep,0.95,2.0,0.0,1.249750049990002e-05
205,stigmergy,123,64,10.0,,2.5,9.0,stigmergy_decay_threshold_sweep,0.95,2.0,0.0,1.249750049990002e-05
233,stigmergy,123,64,10.0,,3.5,9.0,stigmergy_decay_threshold_sweep,0.95,3.0,0.0,1.249750049990002e-05
234,stigmergy,123,64,10.0,,3.5,3.0,stigmergy_decay_threshold_sweep,0.99,1.0,1.0,0.9789260897820435
346,stigmergy,123,128,5.5,,1.5,6.0,stigmergy_decay_threshold_sweep,0.99,2.0,0.875,0.8502252674465107
174,stigmergy,123,64,10.0,,1.5,6.0,stigmergy_decay_threshold_sweep,0.95,1.0,0.0,1.249750049990002e-05
174,stigmergy,123,64,10.0,,1.5,6.0,stigmergy_decay_threshold_sweep,0.95,1.0,0.0,1.249750049990002e-05
180,stigmergy,123,64,10.0,,1.5,3.0,stigmergy_decay_threshold_sweep,0.99,1.0,0.953125,0.9328259348130374
180,stigmergy,123,64,10.0,,1.5,3.0,stigmergy_decay_threshold_sweep,0.99,1.0,0.953125,0.9328259348130374
379,stigmergy,123,128,5.5,,3.5,3.0,stigmergy_decay_threshold_sweep,0.9,2.0,0.84375,0.844695123475305
20,stigmergy,123,64,3.0,,1.5,3.0,stigmergy_decay_threshold_sweep,0.99,3.0,0.875,0.787870550889822
20,stigmergy,123,64,3.0,,1.5,3.0,stigmergy_decay_threshold_sweep,0.99,3.0,0.875,0.787870550889822
187,stigmergy,123,64,10.0,,1.5,9.0,stigmergy_decay_threshold_sweep,0.99,2.0,0.828125,0.8035861577684463
187,stigmergy,123,64,10.0,,1.5,9.0,stigmergy_decay_threshold_sweep,0.99,2.0,0.828125,0.8035861577684463
18,stigmergy,123,64,3.0,,1.5,3.0,stigmergy_decay_threshold_sweep,0.99,1.0,0.234375,0.10848455308938212
18,stigmergy,123,64,3.0,,1.5,3.0,stigmergy_decay_threshold_sweep,0.99,1.0,0.234375,0.10848455308938212
173,stigmergy,123,64,10.0,,1.5,3.0,stigmergy_decay_threshold_sweep,0.95,3.0,0.828125,0.8648207858428314
173,stigmergy,123,64,10.0,,1.5,3.0,stigmergy_decay_threshold_sweep,0.95,3.0,0.828125,0.8648207858428314
341,stigmergy,123,128,5.5,,1.5,9.0,stigmergy_decay_threshold_sweep,0.95,3.0,0.0,0.0
27,stigmergy,123,64,3.0,,2.5,3.0,stigmergy_decay_threshold_sweep,0.9,1.0,0.015625,0.00015309438112377525
27,stigmergy,123,64,3.0,,2.5,3.0,stigmergy_decay_threshold_sweep,0.9,1.0,0.015625,0.00015309438112377525
9,stigmergy,123,64,3.0,,1.5,3.0,stigmergy_decay_threshold_sweep,0.95,1.0,0.015625,0.0001280993801239752
9,stigmergy,123,64,3.0,,1.5,3.0,stigmergy_decay_threshold_sweep,0.95,1.0,0.015625,0.0001280993801239752
0,stigmergy,123,64,3.0,,1.5,3.0,stigmergy_decay_threshold_sweep,0.9,1.0,0.015625,0.00010935312937412518
0,stigmergy,123,64,3.0,,1.5,3.0,stigmergy_decay_threshold_sweep,0.9,1.0,0.015625,0.00010935312937412518
383,stigmergy,123,128,5.5,,3.5,6.0,stigmergy_decay_threshold_sweep,0.9,3.0,0.0,0.0
145,stigmergy,123,64,5.5,,3.5,3.0,stigmergy_decay_threshold_sweep,0.95,2.0,0.890625,0.8427220805838832
145,stigmergy,123,64,5.5,,3.5,3.0,stigmergy_decay_threshold_sweep,0.95,2.0,0.890625,0.8427220805838832
377,stigmergy,123,128,5.5,,2.5,9.0,stigmergy_decay_threshold_sweep,0.99,3.0,0.9375,0.9517112202559488
11,stigmergy,123,64,3.0,,1.5,3.0,stigmergy_decay_threshold_sweep,0.95,3.0,0.03125,0.013606653669266148
11,stigmergy,123,64,3.0,,1.5,3.0,stigmergy_decay_threshold_sweep,0.95,3.0,0.03125,0.013606653669266148
348,stigmergy,123,128,5.5,,1.5,9.0,stigmergy_decay_threshold_sweep,0.99,1.0,0.0,0.0
370,stigmergy,123,128,5.5,,2.5,3.0,stigmergy_decay_threshold_sweep,0.99,2.0,0.96875,0.9652382023595281
142,stigmergy,123,64,5.5,,3.5,9.0,stigmergy_decay_threshold_sweep,0.9,2.0,0.0,0.0
142,stigmergy,123,64,5.5,,3.5,9.0,stigmergy_decay_threshold_sweep,0.9,2.0,0.0,0.0
384,stigmergy,123,128,5.5,,3.5,9.0,stigmergy_decay_threshold_sweep,0.9,1.0,0.0,0.0
7,stigmergy,123,64,3.0,,1.5,9.0,stigmergy_decay_threshold_sweep,0.9,2.0,0.0,0.0
7,stigmergy,123,64,3.0,,1.5,9.0,stigmergy_decay_threshold_sweep,0.9,2.0,0.0,0.0
29,stigmergy,123,64,3.0,,2.5,3.0,stigmergy_decay_threshold_sweep,0.9,3.0,0.015625,0.0026869626074785043
29,stigmergy,123,64,3.0,,2.5,3.0,stigmergy_decay_threshold_sweep,0.9,3.0,0.015625,0.0026869626074785043
16,stigmergy,123,64,3.0,,1.5,9.0,stigmergy_decay_threshold_sweep,0.95,2.0,0.0,0.0
16,stigmergy,123,64,3.0,,1.5,9.0,stigmergy_decay_threshold_sweep,0.95,2.0,0.0,0.0
189,stigmergy,123,64,10.0,,2.5,3.0,stigmergy_decay_threshold_sweep,0.9,1.0,0.015625,0.0007498500299940012
189,stigmergy,123,64,10.0,,2.5,3.0,stigmergy_decay_threshold_sweep,0.9,1.0,0.015625,0.0007498500299940012
129,stigmergy,123,64,5.5,,2.5,6.0,stigmergy_decay_threshold_sweep,0.99,1.0,0.0,6.56118776244751e-05
129,stigmergy,123,64,5.5,,2.5,6.0,stigmergy_decay_threshold_sweep,0.99,1.0,0.0,6.56118776244751e-05
42,stigmergy,123,64,3.0,,2.5,9.0,stigmergy_decay_threshold_sweep,0.95,1.0,0.0,0.0
42,stigmergy,123,64,3.0,,2.5,9.0,stigmergy_decay_threshold_sweep,0.95,1.0,0.0,0.0
89,stigmergy,123,64,5.5,,1.5,9.0,stigmergy_decay_threshold_sweep,0.9,3.0,0.0,0.0
89,stigmergy,123,64,5.5,,1.5,9.0,stigmergy_decay_threshold_sweep,0.9,3.0,0.0,0.0
116,stigmergy,123,64,5.5,,2.5,9.0,stigmergy_decay_threshold_sweep,0.9,3.0,0.0,0.0
116,stigmergy,123,64,5.5,,2.5,9.0,stigmergy_decay_threshold_sweep,0.9,3.0,0.0,0.0
324,stigmergy,123,128,5.5,,1.5,3.0,stigmergy_decay_threshold_sweep,0.9,1.0,0.0078125,0.00027806938612277545
45,stigmergy,123,64,3.0,,2.5,3.0,stigmergy_decay_threshold_sweep,0.99,1.0,0.828125,0.7618288842231554
45,stigmergy,123,64,3.0,,2.5,3.0,stigmergy_decay_threshold_sweep,0.99,1.0,0.828125,0.7618288842231554
323,stigmergy,123,128,3.0,,3.5,9.0,stigmergy_decay_threshold_sweep,0.99,3.0,0.9609375,0.930242076584683
111,stigmergy,123,64,5.5,,2.5,6.0,stigmergy_decay_threshold_sweep,0.9,1.0,0.0,0.0
111,stigmergy,123,64,5.5,,2.5,6.0,stigmergy_decay_threshold_sweep,0.9,1.0,0.0,0.0
73,stigmergy,123,64,3.0,,3.5,3.0,stigmergy_decay_threshold_sweep,0.99,2.0,0.9375,0.9308919466106779
73,stigmergy,123,64,3.0,,3.5,3.0,stigmergy_decay_threshold_sweep,0.99,2.0,0.9375,0.9308919466106779
118,stigmergy,123,64,5.5,,2.5,3.0,stigmergy_decay_threshold_sweep,0.95,2.0,0.8125,0.7406081283743251
118,stigmergy,123,64,5.5,,2.5,3.0,stigmergy_decay_threshold_sweep,0.95,2.0,0.8125,0.7406081283743251
87,stigmergy,123,64,5.5,,1.5,9.0,stigmergy_decay_threshold_sweep,0.9,1.0,0.0,0.0
87,stigmergy,123,64,5.5,,1.5,9.0,stigmergy_decay_threshold_sweep,0.9,1.0,0.0,0.0
315,stigmergy,123,128,3.0,,3.5,3.0,stigmergy_decay_threshold_sweep,0.99,1.0,0.9375,0.9318495675864827
127,stigmergy,123,64,5.5,,2.5,3.0,stigmergy_decay_threshold_sweep,0.99,2.0,0.984375,0.9592144071185763
127,stigmergy,123,64,5.5,,2.5,3.0,stigmergy_decay_threshold_sweep,0.99,2.0,0.984375,0.9592144071185763
80,stigmergy,123,64,3.0,,3.5,9.0,stigmergy_decay_threshold_sweep,0.99,3.0,0.859375,0.8606653669266147
80,stigmergy,123,64,3.0,,3.5,9.0,stigmergy_decay_threshold_sweep,0.99,3.0,0.859375,0.8606653669266147
74,stigmergy,123,64,3.0,,3.5,3.0,stigmergy_decay_threshold_sweep,0.99,3.0,0.96875,0.9404806538692262
74,stigmergy,123,64,3.0,,3.5,3.0,stigmergy_decay_threshold_sweep,0.99,3.0,0.96875,0.9404806538692262
120,stigmergy,123,64,5.5,,2.5,6.0,stigmergy_decay_threshold_sweep,0.95,1.0,0.0,0.0
120,stigmergy,123,64,5.5,,2.5,6.0,stigmergy_decay_threshold_sweep,0.95,1.0,0.0,0.0
312,stigmergy,123,128,3.0,,3.5,9.0,stigmergy_decay_threshold_sweep,0.95,1.0,0.0,0.0
6,stigmergy,123,64,3.0,,1.5,9.0,stigmergy_decay_threshold_sweep,0.9,1.0,0.0,0.0
6,stigmergy,123,64,3.0,,1.5,9.0,stigmergy_decay_threshold_sweep,0.9,1.0,0.0,0.0
385,stigmergy,123,128,5.5,,3.5,9.0,stigmergy_decay_threshold_sweep,0.9,2.0,0.0,0.0
28,stigmergy,123,64,3.0,,2.5,3.0,stigmergy_decay_threshold_sweep,0.9,2.0,0.015625,0.0004217906418716257
28,stigmergy,123,64,3.0,,2.5,3.0,stigmergy_decay_threshold_sweep,0.9,2.0,0.015625,0.0004217906418716257
143,stigmergy,123,64,5.5,,3.5,9.0,stigmergy_decay_threshold_sweep,0.9,3.0,0.0,0.0
143,stigmergy,123,64,5.5,,3.5,9.0,stigmergy_decay_threshold_sweep,0.9,3.0,0.0,0.0
371,stigmergy,123,128,5.5,,2.5,3.0,stigmergy_decay_threshold_sweep,0.99,3.0,0.9453125,0.9659849280143972
17,stigmergy,123,64,3.0,,1.5,9.0,stigmergy_decay_threshold_sweep,0.95,3.0,0.0,0.0
17,stigmergy,123,64,3.0,,1.5,9.0,stigmergy_decay_threshold_sweep,0.95,3.0,0.0,0.0
188,stigmergy,123,64,10.0,,1.5,9.0,stigmergy_decay_threshold_sweep,0.99,3.0,0.953125,0.9252368276344731
188,stigmergy,123,64,10.0,,1.5,9.0,stigmergy_decay_threshold_sweep,0.99,3.0,0.953125,0.9252368276344731
376,stigmergy,123,128,5.5,,2.5,9.0,stigmergy_decay_threshold_sweep,0.99,2.0,0.9296875,0.9281128149370126
144,stigmergy,123,64,5.5,,3.5,3.0,stigmergy_decay_threshold_sweep,0.95,1.0,0.015625,0.0011997600479904018
144,stigmergy,123,64,5.5,,3.5,3.0,stigmergy_decay_threshold_sweep,0.95,1.0,0.015625,0.0011997600479904018
382,stigmergy,123,128,5.5,,3.5,6.0,stigmergy_decay_threshold_sweep,0.9,2.0,0.0,0.0
1,stigmergy,123,64,3.0,,1.5,3.0,stigmergy_decay_threshold_sweep,0.9,2.0,0.015625,0.00017808938212357528
1,stigmergy,123,64,3.0,,1.5,3.0,stigmergy_decay_threshold_sweep,0.9,2.0,0.015625,0.00017808938212357528
349,stigmergy,123,128,5.5,,1.5,9.0,stigmergy_decay_threshold_sweep,0.99,2.0,0.8046875,0.7904653444311138
10,stigmergy,123,64,3.0,,1.5,3.0,stigmergy_decay_threshold_sweep,0.95,2.0,0.015625,0.0011310237952409517
10,stigmergy,123,64,3.0,,1.5,3.0,stigmergy_decay_threshold_sweep,0.95,2.0,0.015625,0.0011310237952409517
340,stigmergy,123,128,5.5,,1.5,9.0,stigmergy_decay_threshold_sweep,0.95,2.0,0.0,0.0
172,stigmergy,123,64,10.0,,1.5,3.0,stigmergy_decay_threshold_sweep,0.95,2.0,0.75,0.7787692461507698
172,stigmergy,123,64,10.0,,1.5,3.0,stigmergy_decay_threshold_sweep,0.95,2.0,0.75,0.7787692461507698
186,stigmergy,123,64,10.0,,1.5,9.0,stigmergy_decay_threshold_sweep,0.99,1.0,0.0,1.249750049990002e-05
186,stigmergy,123,64,10.0,,1.5,9.0,stigmergy_decay_threshold_sweep,0.99,1.0,0.0,1.249750049990002e-05
19,stigmergy,123,64,3.0,,1.5,3.0,stigmergy_decay_threshold_sweep,0.99,2.0,0.640625,0.6609334383123375
19,stigmergy,123,64,3.0,,1.5,3.0,stigmergy_decay_threshold_sweep,0.99,2.0,0.640625,0.6609334383123375
26,stigmergy,123,64,3.0,,1.5,9.0,stigmergy_decay_threshold_sweep,0.99,3.0,0.46875,0.08032768446310738
26,stigmergy,123,64,3.0,,1.5,9.0,stigmergy_decay_threshold_sweep,0.99,3.0,0.46875,0.08032768446310738
8,stigmergy,123,64,3.0,,1.5,9.0,stigmergy_decay_threshold_sweep,0.9,3.0,0.0,0.0
8,stigmergy,123,64,3.0,,1.5,9.0,stigmergy_decay_threshold_sweep,0.9,3.0,0.0,0.0
181,stigmergy,123,64,10.0,,1.5,3.0,stigmergy_decay_threshold_sweep,0.99,2.0,0.984375,0.9796072035592881
181,stigmergy,123,64,10.0,,1.5,3.0,stigmergy_decay_threshold_sweep,0.99,2.0,0.984375,0.9796072035592881
175,stigmergy,123,64,10.0,,1.5,6.0,stigmergy_decay_threshold_sweep,0.95,2.0,0.0,1.249750049990002e-05
175,stigmergy,123,64,10.0,,1.5,6.0,stigmergy_decay_threshold_sweep,0.95,2.0,0.0,1.249750049990002e-05
347,stigmergy,123,128,5.5,,1.5,6.0,stigmergy_decay_threshold_sweep,0.99,3.0,0.890625,0.9070076609678064
21,stigmergy,123,64,3.0,,1.5,6.0,stigmergy_decay_threshold_sweep,0.99,1.0,0.0,0.0
21,stigmergy,123,64,3.0,,1.5,6.0,stigmergy_decay_threshold_sweep,0.99,1.0,0.0,0.0
378,stigmergy,123,128,5.5,,3.5,3.0,stigmergy_decay_threshold_sweep,0.9,1.0,0.0078125,0.0005920690861827635
75,stigmergy,123,64,3.0,,3.5,6.0,stigmergy_decay_threshold_sweep,0.99,1.0,0.0,0.00015309438112377525
75,stigmergy,123,64,3.0,,3.5,6.0,stigmergy_decay_threshold_sweep,0.99,1.0,0.0,0.00015309438112377525
81,stigmergy,123,64,5.5,,1.5,3.0,stigmergy_decay_threshold_sweep,0.9,1.0,0.015625,0.00020620875824835033
81,stigmergy,123,64,5.5,,1.5,3.0,stigmergy_decay_threshold_sweep,0.9,1.0,0.015625,0.00020620875824835033
313,stigmergy,123,128,3.0,,3.5,9.0,stigmergy_decay_threshold_sweep,0.95,2.0,0.0,0.0
121,stigmergy,123,64,5.5,,2.5,6.0,stigmergy_decay_threshold_sweep,0.95,2.0,0.0,1.874625074985003e-05
121,stigmergy,123,64,5.5,,2.5,6.0,stigmergy_decay_threshold_sweep,0.95,2.0,0.0,1.874625074985003e-05
119,stigmergy,123,64,5.5,,2.5,3.0,stigmergy_decay_threshold_sweep,0.95,3.0,0.828125,0.8267846430713858
119,stigmergy,123,64,5.5,,2.5,3.0,stigmergy_decay_threshold_sweep,0.95,3.0,0.828125,0.8267846430713858
86,stigmergy,123,64,5.5,,1.5,6.0,stigmergy_decay_threshold_sweep,0.9,3.0,0.0,0.0
86,stigmergy,123,64,5.5,,1.5,6.0,stigmergy_decay_threshold_sweep,0.9,3.0,0.0,0.0
72,stigmergy,123,64,3.0,,3.5,3.0,stigmergy_decay_threshold_sweep,0.99,1.0,0.828125,0.8658455808838232
72,stigmergy,123,64,3.0,,3.5,3.0,stigmergy_decay_threshold_sweep,0.99,1.0,0.828125,0.8658455808838232
126,stigmergy,123,64,5.5,,2.5,3.0,stigmergy_decay_threshold_sweep,0.99,1.0,0.9375,0.9114395870825834
126,stigmergy,123,64,5.5,,2.5,3.0,stigmergy_decay_threshold_sweep,0.99,1.0,0.9375,0.9114395870825834
314,stigmergy,123,128,3.0,,3.5,9.0,stigmergy_decay_threshold_sweep,0.95,3.0,0.0,3.905468906218756e-05
44,stigmergy,123,64,3.0,,2.5,9.0,stigmergy_decay_threshold_sweep,0.95,3.0,0.0,0.0
44,stigmergy,123,64,3.0,,2.5,9.0,stigmergy_decay_threshold_sweep,0.95,3.0,0.0,0.0
110,stigmergy,123,64,5.5,,2.5,3.0,stigmergy_decay_threshold_sweep,0.9,3.0,0.484375,0.6377599480103979
110,stigmergy,123,64,5.5,,2.5,3.0,stigmergy_decay_threshold_sweep,0.9,3.0,0.484375,0.6377599480103979
322,stigmergy,123,128,3.0,,3.5,9.0,stigmergy_decay_threshold_sweep,0.99,2.0,0.9375,0.9000543641271745
43,stigmergy,123,64,3.0,,2.5,9.0,stigmergy_decay_threshold_sweep,0.95,2.0,0.0,0.0
43,stigmergy,123,64,3.0,,2.5,9.0,stigmergy_decay_threshold_sweep,0.95,2.0,0.0,0.0
128,stigmergy,123,64,5.5,,2.5,3.0,stigmergy_decay_threshold_sweep,0.99,3.0,0.921875,0.96561625174965
128,stigmergy,123,64,5.5,,2.5,3.0,stigmergy_decay_threshold_sweep,0.99,3.0,0.921875,0.96561625174965
88,stigmergy,123,64,5.5,,1.5,9.0,stigmergy_decay_threshold_sweep,0.9,2.0,0.0,0.0
88,stigmergy,123,64,5.5,,1.5,9.0,stigmergy_decay_threshold_sweep,0.9,2.0,0.0,0.0
325,stigmergy,123,128,5.5,,1.5,3.0,stigmergy_decay_threshold_sweep,0.9,2.0,0.0078125,0.000646745650869826
117,stigmergy,123,64,5.5,,2.5,3.0,stigmergy_decay_threshold_sweep,0.95,1.0,0.015625,0.000606128774245151
117,stigmergy,123,64,5.5,,2.5,3.0,stigmergy_decay_threshold_sweep,0.95,1.0,0.015625,0.000606128774245151
198,stigmergy,123,64,10.0,,2.5,3.0,stigmergy_decay_threshold_sweep,0.95,1.0,0.015625,0.0015559388122375526
198,stigmergy,123,64,10.0,,2.5,3.0,stigmergy_decay_threshold_sweep,0.95,1.0,0.015625,0.0015559388122375526
361,stigmergy,123,128,5.5,,2.5,3.0,stigmergy_decay_threshold_sweep,0.95,2.0,0.875,0.8771995600879824
153,stigmergy,123,64,5.5,,3.5,3.0,stigmergy_decay_threshold_sweep,0.99,1.0,1.0,0.9484821785642872
153,stigmergy,123,64,5.5,,3.5,3.0,stigmergy_decay_threshold_sweep,0.99,1.0,1.0,0.9484821785642872
38,stigmergy,123,64,3.0,,2.5,3.0,stigmergy_decay_threshold_sweep,0.95,3.0,0.5625,0.5768346330733853
38,stigmergy,123,64,3.0,,2.5,3.0,stigmergy_decay_threshold_sweep,0.95,3.0,0.5625,0.5768346330733853
359,stigmergy,123,128,5.5,,2.5,9.0,stigmergy_decay_threshold_sweep,0.9,3.0,0.0,0.0
392,stigmergy,123,128,5.5,,3.5,6.0,stigmergy_decay_threshold_sweep,0.95,3.0,0.9140625,0.8969581083783243
154,stigmergy,123,64,5.5,,3.5,3.0,stigmergy_decay_threshold_sweep,0.99,2.0,0.96875,0.9649413867226555
154,stigmergy,123,64,5.5,,3.5,3.0,stigmergy_decay_threshold_sweep,0.99,2.0,0.96875,0.9649413867226555
366,stigmergy,123,128,5.5,,2.5,9.0,stigmergy_decay_threshold_sweep,0.95,1.0,0.0,0.0
36,stigmergy,123,64,3.0,,2.5,3.0,stigmergy_decay_threshold_sweep,0.95,1.0,0.015625,0.00033430813837232555
36,stigmergy,123,64,3.0,,2.5,3.0,stigmergy_decay_threshold_sweep,0.95,1.0,0.015625,0.00033430813837232555
196,stigmergy,123,64,10.0,,2.5,9.0,stigmergy_decay_threshold_sweep,0.9,2.0,0.0,1.249750049990002e-05
196,stigmergy,123,64,10.0,,2.5,9.0,stigmergy_decay_threshold_sweep,0.9,2.0,0.0,1.249750049990002e-05
162,stigmergy,123,64,10.0,,1.5,3.0,stigmergy_decay_threshold_sweep,0.9,1.0,0.015625,0.0004811537692461508
162,stigmergy,123,64,10.0,,1.5,3.0,stigmergy_decay_threshold_sweep,0.9,1.0,0.015625,0.0004811537692461508
350,stigmergy,123,128,5.5,,1.5,9.0,stigmergy_decay_threshold_sweep,0.99,3.0,0.8359375,0.8499331383723255
368,stigmergy,123,128,5.5,,2.5,9.0,stigmergy_decay_threshold_sweep,0.95,3.0,0.0,0.0
31,stigmergy,123,64,3.0,,2.5,6.0,stigmergy_decay_threshold_sweep,0.9,2.0,0.0,0.0
31,stigmergy,123,64,3.0,,2.5,6.0,stigmergy_decay_threshold_sweep,0.9,2.0,0.0,0.0
357,stigmergy,123,128,5.5,,2.5,9.0,stigmergy_decay_threshold_sweep,0.9,1.0,0.0,0.0
165,stigmergy,123,64,10.0,,1.5,6.0,stigmergy_decay_threshold_sweep,0.9,1.0,0.0,1.249750049990002e-05
165,stigmergy,123,64,10.0,,1.5,6.0,stigmergy_decay_threshold_sweep,0.9,1.0,0.0,1.249750049990002e-05
191,stigmergy,123,64,10.0,,2.5,3.0,stigmergy_decay_threshold_sweep,0.9,3.0,0.890625,0.8794459858028394
191,stigmergy,123,64,10.0,,2.5,3.0,stigmergy_decay_threshold_sweep,0.9,3.0,0.890625,0.8794459858028394
131,stigmergy,123,64,5.5,,2.5,6.0,stigmergy_decay_threshold_sweep,0.99,3.0,0.953125,0.9443580033993202
131,stigmergy,123,64,5.5,,2.5,6.0,stigmergy_decay_threshold_sweep,0.99,3.0,0.953125,0.9443580033993202
303,stigmergy,123,128,3.0,,3.5,9.0,stigmergy_decay_threshold_sweep,0.9,1.0,0.0,0.0
91,stigmergy,123,64,5.5,,1.5,3.0,stigmergy_decay_threshold_sweep,0.95,2.0,0.015625,0.0023370325934813038
91,stigmergy,123,64,5.5,,1.5,3.0,stigmergy_decay_threshold_sweep,0.95,2.0,0.015625,0.0023370325934813038
65,stigmergy,123,64,3.0,,3.5,3.0,stigmergy_decay_threshold_sweep,0.95,3.0,0.828125,0.7523432813437313
65,stigmergy,123,64,3.0,,3.5,3.0,stigmergy_decay_threshold_sweep,0.95,3.0,0.828125,0.7523432813437313
304,stigmergy,123,128,3.0,,3.5,9.0,stigmergy_decay_threshold_sweep,0.9,2.0,0.0,0.0
136,stigmergy,123,64,5.5,,3.5,3.0,stigmergy_decay_threshold_sweep,0.9,2.0,0.015625,0.001334108178364327
136,stigmergy,123,64,5.5,,3.5,3.0,stigmergy_decay_threshold_sweep,0.9,2.0,0.015625,0.001334108178364327
62,stigmergy,123,64,3.0,,3.5,9.0,stigmergy_decay_threshold_sweep,0.9,3.0,0.0,0.0
62,stigmergy,123,64,3.0,,3.5,9.0,stigmergy_decay_threshold_sweep,0.9,3.0,0.0,0.0
96,stigmergy,123,64,5.5,,1.5,9.0,stigmergy_decay_threshold_sweep,0.95,1.0,0.0,0.0
96,stigmergy,123,64,5.5,,1.5,9.0,stigmergy_decay_threshold_sweep,0.95,1.0,0.0,0.0
109,stigmergy,123,64,5.5,,2.5,3.0,stigmergy_decay_threshold_sweep,0.9,2.0,0.015625,0.0007748450309938012
109,stigmergy,123,64,5.5,,2.5,3.0,stigmergy_decay_threshold_sweep,0.9,2.0,0.015625,0.0007748450309938012
332,stigmergy,123,128,5.5,,1.5,9.0,stigmergy_decay_threshold_sweep,0.9,3.0,0.0,0.0
100,stigmergy,123,64,5.5,,1.5,3.0,stigmergy_decay_threshold_sweep,0.99,2.0,0.921875,0.8814455858828234
100,stigmergy,123,64,5.5,,1.5,3.0,stigmergy_decay_threshold_sweep,0.99,2.0,0.921875,0.8814455858828234
54,stigmergy,123,64,3.0,,3.5,3.0,stigmergy_decay_threshold_sweep,0.9,1.0,0.015625,0.00020933313337332535
54,stigmergy,123,64,3.0,,3.5,3.0,stigmergy_decay_threshold_sweep,0.9,1.0,0.015625,0.00020933313337332535
107,stigmergy,123,64,5.5,,1.5,9.0,stigmergy_decay_threshold_sweep,0.99,3.0,0.71875,0.6895152219556089
107,stigmergy,123,64,5.5,,1.5,9.0,stigmergy_decay_threshold_sweep,0.99,3.0,0.71875,0.6895152219556089
335,stigmergy,123,128,5.5,,1.5,3.0,stigmergy_decay_threshold_sweep,0.95,3.0,0.78125,0.7733015896820636
98,stigmergy,123,64,5.5,,1.5,9.0,stigmergy_decay_threshold_sweep,0.95,3.0,0.0,0.0
98,stigmergy,123,64,5.5,,1.5,9.0,stigmergy_decay_threshold_sweep,0.95,3.0,0.0,0.0
138,stigmergy,123,64,5.5,,3.5,6.0,stigmergy_decay_threshold_sweep,0.9,1.0,0.0,0.0
138,stigmergy,123,64,5.5,,3.5,6.0,stigmergy_decay_threshold_sweep,0.9,1.0,0.0,0.0
53,stigmergy,123,64,3.0,,2.5,9.0,stigmergy_decay_threshold_sweep,0.99,3.0,0.75,0.7619382373525295
53,stigmergy,123,64,3.0,,2.5,9.0,stigmergy_decay_threshold_sweep,0.99,3.0,0.75,0.7619382373525295
30,stigmergy,123,64,3.0,,2.5,6.0,stigmergy_decay_threshold_sweep,0.9,1.0,0.0,0.0
30,stigmergy,123,64,3.0,,2.5,6.0,stigmergy_decay_threshold_sweep,0.9,1.0,0.0,0.0
369,stigmergy,123,128,5.5,,2.5,3.0,stigmergy_decay_threshold_sweep,0.99,1.0,0.9140625,0.9536186512697461
190,stigmergy,123,64,10.0,,2.5,3.0,stigmergy_decay_threshold_sweep,0.9,2.0,0.015625,0.0014309638072385522
190,stigmergy,123,64,10.0,,2.5,3.0,stigmergy_decay_threshold_sweep,0.9,2.0,0.015625,0.0014309638072385522
164,stigmergy,123,64,10.0,,1.5,3.0,stigmergy_decay_threshold_sweep,0.9,3.0,0.03125,0.0016715406918616277
164,stigmergy,123,64,10.0,,1.5,3.0,stigmergy_decay_threshold_sweep,0.9,3.0,0.03125,0.0016715406918616277
356,stigmergy,123,128,5.5,,2.5,6.0,stigmergy_decay_threshold_sweep,0.9,3.0,0.0,0.0
37,stigmergy,123,64,3.0,,2.5,3.0,stigmergy_decay_threshold_sweep,0.95,2.0,0.28125,0.20879574085182964
37,stigmergy,123,64,3.0,,2.5,3.0,stigmergy_decay_threshold_sweep,0.95,2.0,0.28125,0.20879574085182964
351,stigmergy,123,128,5.5,,2.5,3.0,stigmergy_decay_threshold_sweep,0.9,1.0,0.0078125,0.0004202284543091382
163,stigmergy,123,64,10.0,,1.5,3.0,stigmergy_decay_threshold_sweep,0.9,2.0,0.015625,0.000618626274745051
163,stigmergy,123,64,10.0,,1.5,3.0,stigmergy_decay_threshold_sweep,0.9,2.0,0.015625,0.000618626274745051
197,stigmergy,123,64,10.0,,2.5,9.0,stigmergy_decay_threshold_sweep,0.9,3.0,0.0,1.249750049990002e-05
197,stigmergy,123,64,10.0,,2.5,9.0,stigmergy_decay_threshold_sweep,0.9,3.0,0.0,1.249750049990002e-05
358,stigmergy,123,128,5.5,,2.5,9.0,stigmergy_decay_threshold_sweep,0.9,2.0,0.0,0.0
367,stigmergy,123,128,5.5,,2.5,9.0,stigmergy_decay_threshold_sweep,0.95,2.0,0.0,0.0
155,stigmergy,123,64,5.5,,3.5,3.0,stigmergy_decay_threshold_sweep,0.99,3.0,0.953125,0.9659349380123975
155,stigmergy,123,64,5.5,,3.5,3.0,stigmergy_decay_threshold_sweep,0.99,3.0,0.953125,0.9659349380123975
199,stigmergy,123,64,10.0,,2.5,3.0,stigmergy_decay_threshold_sweep,0.95,2.0,0.9375,0.9174383873225355
199,stigmergy,123,64,10.0,,2.5,3.0,stigmergy_decay_threshold_sweep,0.95,2.0,0.9375,0.9174383873225355
39,stigmergy,123,64,3.0,,2.5,6.0,stigmergy_decay_threshold_sweep,0.95,1.0,0.0,0.0
39,stigmergy,123,64,3.0,,2.5,6.0,stigmergy_decay_threshold_sweep,0.95,1.0,0.0,0.0
152,stigmergy,123,64,5.5,,3.5,9.0,stigmergy_decay_threshold_sweep,0.95,3.0,0.0,0.0
152,stigmergy,123,64,5.5,,3.5,9.0,stigmergy_decay_threshold_sweep,0.95,3.0,0.0,0.0
360,stigmergy,123,128,5.5,,2.5,3.0,stigmergy_decay_threshold_sweep,0.95,1.0,0.015625,0.0013575409918016397
334,stigmergy,123,128,5.5,,1.5,3.0,stigmergy_decay_threshold_sweep,0.95,2.0,0.734375,0.7306804264147171
106,stigmergy,123,64,5.5,,1.5,9.0,stigmergy_decay_threshold_sweep,0.99,2.0,0.0,3.749250149970006e-05
106,stigmergy,123,64,5.5,,1.5,9.0,stigmergy_decay_threshold_sweep,0.99,2.0,0.0,3.749250149970006e-05
99,stigmergy,123,64,5.5,,1.5,3.0,stigmergy_decay_threshold_sweep,0.99,1.0,0.75,0.6926770895820836
99,stigmergy,123,64,5.5,,1.5,3.0,stigmergy_decay_threshold_sweep,0.99,1.0,0.75,0.6926770895820836
52,stigmergy,123,64,3.0,,2.5,9.0,stigmergy_decay_threshold_sweep,0.99,2.0,0.734375,0.624500099980004
52,stigmergy,123,64,3.0,,2.5,9.0,stigmergy_decay_threshold_sweep,0.99,2.0,0.734375,0.624500099980004
139,stigmergy,123,64,5.5,,3.5,6.0,stigmergy_decay_threshold_sweep,0.9,2.0,0.0,0.0
139,stigmergy,123,64,5.5,,3.5,6.0,stigmergy_decay_threshold_sweep,0.9,2.0,0.0,0.0
101,stigmergy,123,64,5.5,,1.5,3.0,stigmergy_decay_threshold_sweep,0.99,3.0,0.90625,0.9329509098180364
101,stigmergy,123,64,5.5,,1.5,3.0,stigmergy_decay_threshold_sweep,0.99,3.0,0.90625,0.9329509098180364
333,stigmergy,123,128,5.5,,1.5,3.0,stigmergy_decay_threshold_sweep,0.95,1.0,0.0078125,0.0003655518896220756
55,stigmergy,123,64,3.0,,3.5,3.0,stigmergy_decay_threshold_sweep,0.9,2.0,0.015625,0.0008029644071185762
55,stigmergy,123,64,3.0,,3.5,3.0,stigmergy_decay_threshold_sweep,0.9,2.0,0.015625,0.0008029644071185762
137,stigmergy,123,64,5.5,,3.5,3.0,stigmergy_decay_threshold_sweep,0.9,3.0,0.828125,0.7717925164967007
137,stigmergy,123,64,5.5,,3.5,3.0,stigmergy_decay_threshold_sweep,0.9,3.0,0.828125,0.7717925164967007
305,stigmergy,123,128,3.0,,3.5,9.0,stigmergy_decay_threshold_sweep,0.9,3.0,0.0,0.0
97,stigmergy,123,64,5.5,,1.5,9.0,stigmergy_decay_threshold_sweep,0.95,2.0,0.0,0.0
97,stigmergy,123,64,5.5,,1.5,9.0,stigmergy_decay_threshold_sweep,0.95,2.0,0.0,0.0
108,stigmergy,123,64,5.5,,2.5,3.0,stigmergy_decay_threshold_sweep,0.9,1.0,0.015625,0.00033430813837232555
108,stigmergy,123,64,5.5,,2.5,3.0,stigmergy_decay_threshold_sweep,0.9,1.0,0.015625,0.00033430813837232555
63,stigmergy,123,64,3.0,,3.5,3.0,stigmergy_decay_threshold_sweep,0.95,1.0,0.015625,0.000659243151369726
63,stigmergy,123,64,3.0,,3.5,3.0,stigmergy_decay_threshold_sweep,0.95,1.0,0.015625,0.000659243151369726
302,stigmergy,123,128,3.0,,3.5,6.0,stigmergy_decay_threshold_sweep,0.9,3.0,0.0,0.0
130,stigmergy,123,64,5.5,,2.5,6.0,stigmergy_decay_threshold_sweep,0.99,2.0,0.90625,0.9049002699460108
130,stigmergy,123,64,5.5,,2.5,6.0,stigmergy_decay_threshold_sweep,0.99,2.0,0.90625,0.9049002699460108
64,stigmergy,123,64,3.0,,3.5,3.0,stigmergy_decay_threshold_sweep,0.95,2.0,0.640625,0.627624475104979
64,stigmergy,123,64,3.0,,3.5,3.0,stigmergy_decay_threshold_sweep,0.95,2.0,0.640625,0.627624475104979
90,stigmergy,123,64,5.5,,1.5,3.0,stigmergy_decay_threshold_sweep,0.95,1.0,0.015625,0.0003061887622475505
90,stigmergy,123,64,5.5,,1.5,3.0,stigmergy_decay_threshold_sweep,0.95,1.0,0.015625,0.0003061887622475505
270,stigmergy,123,128,3.0,,2.5,3.0,stigmergy_decay_threshold_sweep,0.9,1.0,0.0078125,0.00022495500899820037
284,stigmergy,123,128,3.0,,2.5,6.0,stigmergy_decay_threshold_sweep,0.95,3.0,0.6953125,0.6175108728254349
248,stigmergy,123,128,3.0,,1.5,6.0,stigmergy_decay_threshold_sweep,0.9,3.0,0.0,0.0
283,stigmergy,123,128,3.0,,2.5,6.0,stigmergy_decay_threshold_sweep,0.95,2.0,0.0,0.0
277,stigmergy,123,128,3.0,,2.5,9.0,stigmergy_decay_threshold_sweep,0.9,2.0,0.0,0.0
241,stigmergy,123,64,10.0,,3.5,9.0,stigmergy_decay_threshold_sweep,0.99,2.0,0.984375,0.9721118276344731
279,stigmergy,123,128,3.0,,2.5,3.0,stigmergy_decay_threshold_sweep,0.95,1.0,0.0078125,0.0007732828434313138
246,stigmergy,123,128,3.0,,1.5,6.0,stigmergy_decay_threshold_sweep,0.9,1.0,0.0,0.0
212,stigmergy,123,64,10.0,,2.5,6.0,stigmergy_decay_threshold_sweep,0.99,3.0,0.96875,0.9807038592281544
212,stigmergy,123,64,10.0,,2.5,6.0,stigmergy_decay_threshold_sweep,0.99,3.0,0.96875,0.9807038592281544
215,stigmergy,123,64,10.0,,2.5,9.0,stigmergy_decay_threshold_sweep,0.99,3.0,1.0,0.9731866126774645
215,stigmergy,123,64,10.0,,2.5,9.0,stigmergy_decay_threshold_sweep,0.99,3.0,1.0,0.9731866126774645
223,stigmergy,123,64,10.0,,3.5,9.0,stigmergy_decay_threshold_sweep,0.9,2.0,0.0,1.249750049990002e-05
224,stigmergy,123,64,10.0,,3.5,9.0,stigmergy_decay_threshold_sweep,0.9,3.0,0.0,1.249750049990002e-05
278,stigmergy,123,128,3.0,,2.5,9.0,stigmergy_decay_threshold_sweep,0.9,3.0,0.0,0.0
247,stigmergy,123,128,3.0,,1.5,6.0,stigmergy_decay_threshold_sweep,0.9,2.0,0.0,0.0
240,stigmergy,123,64,10.0,,3.5,9.0,stigmergy_decay_threshold_sweep,0.99,1.0,0.0,1.249750049990002e-05
249,stigmergy,123,128,3.0,,1.5,9.0,stigmergy_decay_threshold_sweep,0.9,1.0,0.0,0.0
276,stigmergy,123,128,3.0,,2.5,9.0,stigmergy_decay_threshold_sweep,0.9,1.0,0.0,0.0
282,stigmergy,123,128,3.0,,2.5,6.0,stigmergy_decay_threshold_sweep,0.95,1.0,0.0,0.0
285,stigmergy,123,128,3.0,,2.5,9.0,stigmergy_decay_threshold_sweep,0.95,1.0,0.0,0.0
271,stigmergy,123,128,3.0,,2.5,3.0,stigmergy_decay_threshold_sweep,0.9,2.0,0.0,0.0012200684863027395
225,stigmergy,123,64,10.0,,3.5,3.0,stigmergy_decay_threshold_sweep,0.95,1.0,0.015625,0.0020183463307338534
222,stigmergy,123,64,10.0,,3.5,9.0,stigmergy_decay_threshold_sweep,0.9,1.0,0.0,1.249750049990002e-05
214,stigmergy,123,64,10.0,,2.5,9.0,stigmergy_decay_threshold_sweep,0.99,2.0,0.921875,0.9546840631873625
214,stigmergy,123,64,10.0,,2.5,9.0,stigmergy_decay_threshold_sweep,0.99,2.0,0.921875,0.9546840631873625
213,stigmergy,123,64,10.0,,2.5,9.0,stigmergy_decay_threshold_sweep,0.99,1.0,0.0,1.249750049990002e-05
213,stigmergy,123,64,10.0,,2.5,9.0,stigmergy_decay_threshold_sweep,0.99,1.0,0.0,1.249750049990002e-05
231,stigmergy,123,64,10.0,,3.5,9.0,stigmergy_decay_threshold_sweep,0.95,1.0,0.0,1.249750049990002e-05
209,stigmergy,123,64,10.0,,2.5,3.0,stigmergy_decay_threshold_sweep,0.99,3.0,0.96875,0.9806538692261547
209,stigmergy,123,64,10.0,,2.5,3.0,stigmergy_decay_threshold_sweep,0.99,3.0,0.96875,0.9806538692261547
236,stigmergy,123,64,10.0,,3.5,3.0,stigmergy_decay_threshold_sweep,0.99,3.0,0.96875,0.9806538692261547
200,stigmergy,123,64,10.0,,2.5,3.0,stigmergy_decay_threshold_sweep,0.95,3.0,1.0,0.9495382173565287
200,stigmergy,123,64,10.0,,2.5,3.0,stigmergy_decay_threshold_sweep,0.95,3.0,1.0,0.9495382173565287
238,stigmergy,123,64,10.0,,3.5,6.0,stigmergy_decay_threshold_sweep,0.99,2.0,0.96875,0.9792197810437913
207,stigmergy,123,64,10.0,,2.5,3.0,stigmergy_decay_threshold_sweep,0.99,1.0,0.984375,0.9756517446510697
207,stigmergy,123,64,10.0,,2.5,3.0,stigmergy_decay_threshold_sweep,0.99,1.0,0.984375,0.9756517446510697
253,stigmergy,123,128,3.0,,1.5,3.0,stigmergy_decay_threshold_sweep,0.95,2.0,0.015625,0.0033805738852229553
298,stigmergy,123,128,3.0,,3.5,3.0,stigmergy_decay_threshold_sweep,0.9,2.0,0.0078125,0.004291329234153169
254,stigmergy,123,128,3.0,,1.5,3.0,stigmergy_decay_threshold_sweep,0.95,3.0,0.546875,0.5054223530293941
262,stigmergy,123,128,3.0,,1.5,3.0,stigmergy_decay_threshold_sweep,0.99,2.0,0.8515625,0.830627624475105
296,stigmergy,123,128,3.0,,2.5,9.0,stigmergy_decay_threshold_sweep,0.99,3.0,0.859375,0.8849105178964207
291,stigmergy,123,128,3.0,,2.5,6.0,stigmergy_decay_threshold_sweep,0.99,1.0,0.8203125,0.7634066936612678
265,stigmergy,123,128,3.0,,1.5,6.0,stigmergy_decay_threshold_sweep,0.99,2.0,0.65625,0.6556376224755049
239,stigmergy,123,64,10.0,,3.5,6.0,stigmergy_decay_threshold_sweep,0.99,3.0,0.96875,0.9806132523495301
206,stigmergy,123,64,10.0,,2.5,9.0,stigmergy_decay_threshold_sweep,0.95,3.0,0.0,1.249750049990002e-05
206,stigmergy,123,64,10.0,,2.5,9.0,stigmergy_decay_threshold_sweep,0.95,3.0,0.0,1.249750049990002e-05
201,stigmergy,123,64,10.0,,2.5,6.0,stigmergy_decay_threshold_sweep,0.95,1.0,0.0,1.249750049990002e-05
201,stigmergy,123,64,10.0,,2.5,6.0,stigmergy_decay_threshold_sweep,0.95,1.0,0.0,1.249750049990002e-05
208,stigmergy,123,64,10.0,,2.5,3.0,stigmergy_decay_threshold_sweep,0.99,2.0,0.96875,0.9806976104779044
208,stigmergy,123,64,10.0,,2.5,3.0,stigmergy_decay_threshold_sweep,0.99,2.0,0.96875,0.9806976104779044
237,stigmergy,123,64,10.0,,3.5,6.0,stigmergy_decay_threshold_sweep,0.99,1.0,0.984375,0.9620950809838033
230,stigmergy,123,64,10.0,,3.5,6.0,stigmergy_decay_threshold_sweep,0.95,3.0,0.890625,0.9267896420715857
264,stigmergy,123,128,3.0,,1.5,6.0,stigmergy_decay_threshold_sweep,0.99,1.0,0.0,0.0
290,stigmergy,123,128,3.0,,2.5,3.0,stigmergy_decay_threshold_sweep,0.99,3.0,0.953125,0.941313299840032
297,stigmergy,123,128,3.0,,3.5,3.0,stigmergy_decay_threshold_sweep,0.9,1.0,0.0078125,0.0003811737652469506
263,stigmergy,123,128,3.0,,1.5,3.0,stigmergy_decay_threshold_sweep,0.99,3.0,0.90625,0.8889612702459508
255,stigmergy,123,128,3.0,,1.5,6.0,stigmergy_decay_threshold_sweep,0.95,1.0,0.0,0.0
252,stigmergy,123,128,3.0,,1.5,3.0,stigmergy_decay_threshold_sweep,0.95,1.0,0.0078125,0.00023745250949810037
299,stigmergy,123,128,3.0,,3.5,3.0,stigmergy_decay_threshold_sweep,0.9,3.0,0.6953125,0.7534649320135973
46,stigmergy,123,64,3.0,,2.5,3.0,stigmergy_decay_threshold_sweep,0.99,2.0,0.90625,0.8947679214157168
46,stigmergy,123,64,3.0,,2.5,3.0,stigmergy_decay_threshold_sweep,0.99,2.0,0.90625,0.8947679214157168
79,stigmergy,123,64,3.0,,3.5,9.0,stigmergy_decay_threshold_sweep,0.99,2.0,0.78125,0.7822904169166167
79,stigmergy,123,64,3.0,,3.5,9.0,stigmergy_decay_threshold_sweep,0.99,2.0,0.78125,0.7822904169166167
112,stigmergy,123,64,5.5,,2.5,6.0,stigmergy_decay_threshold_sweep,0.9,2.0,0.0,0.0
112,stigmergy,123,64,5.5,,2.5,6.0,stigmergy_decay_threshold_sweep,0.9,2.0,0.0,0.0
320,stigmergy,123,128,3.0,,3.5,6.0,stigmergy_decay_threshold_sweep,0.99,3.0,0.9609375,0.9401838382323535
318,stigmergy,123,128,3.0,,3.5,6.0,stigmergy_decay_threshold_sweep,0.99,1.0,0.890625,0.8627446385722856
41,stigmergy,123,64,3.0,,2.5,6.0,stigmergy_decay_threshold_sweep,0.95,3.0,0.0,0.00015309438112377525
41,stigmergy,123,64,3.0,,2.5,6.0,stigmergy_decay_threshold_sweep,0.95,3.0,0.0,0.00015309438112377525
327,stigmergy,123,128,5.5,,1.5,6.0,stigmergy_decay_threshold_sweep,0.9,1.0,0.0,0.0
115,stigmergy,123,64,5.5,,2.5,9.0,stigmergy_decay_threshold_sweep,0.9,2.0,0.0,0.0
115,stigmergy,123,64,5.5,,2.5,9.0,stigmergy_decay_threshold_sweep,0.9,2.0,0.0,0.0
83,stigmergy,123,64,5.5,,1.5,3.0,stigmergy_decay_threshold_sweep,0.9,3.0,0.015625,0.0010154219156168767
83,stigmergy,123,64,5.5,,1.5,3.0,stigmergy_decay_threshold_sweep,0.9,3.0,0.015625,0.0010154219156168767
77,stigmergy,123,64,3.0,,3.5,6.0,stigmergy_decay_threshold_sweep,0.99,3.0,0.921875,0.9106866126774645
77,stigmergy,123,64,3.0,,3.5,6.0,stigmergy_decay_threshold_sweep,0.99,3.0,0.921875,0.9106866126774645
311,stigmergy,123,128,3.0,,3.5,6.0,stigmergy_decay_threshold_sweep,0.95,3.0,0.78125,0.7554676564687063
123,stigmergy,123,64,5.5,,2.5,9.0,stigmergy_decay_threshold_sweep,0.95,1.0,0.0,0.0
123,stigmergy,123,64,5.5,,2.5,9.0,stigmergy_decay_threshold_sweep,0.95,1.0,0.0,0.0
48,stigmergy,123,64,3.0,,2.5,6.0,stigmergy_decay_threshold_sweep,0.99,1.0,0.0,6.24875024995001e-05
48,stigmergy,123,64,3.0,,2.5,6.0,stigmergy_decay_threshold_sweep,0.99,1.0,0.0,6.24875024995001e-05
70,stigmergy,123,64,3.0,,3.5,9.0,stigmergy_decay_threshold_sweep,0.95,2.0,0.0,0.0
70,stigmergy,123,64,3.0,,3.5,9.0,stigmergy_decay_threshold_sweep,0.95,2.0,0.0,0.0
329,stigmergy,123,128,5.5,,1.5,6.0,stigmergy_decay_threshold_sweep,0.9,3.0,0.0,0.0
84,stigmergy,123,64,5.5,,1.5,6.0,stigmergy_decay_threshold_sweep,0.9,1.0,0.0,0.0
84,stigmergy,123,64,5.5,,1.5,6.0,stigmergy_decay_threshold_sweep,0.9,1.0,0.0,0.0
124,stigmergy,123,64,5.5,,2.5,9.0,stigmergy_decay_threshold_sweep,0.95,2.0,0.0,0.0
124,stigmergy,123,64,5.5,,2.5,9.0,stigmergy_decay_threshold_sweep,0.95,2.0,0.0,0.0
316,stigmergy,123,128,3.0,,3.5,3.0,stigmergy_decay_threshold_sweep,0.99,2.0,0.9609375,0.9422881048790241
184,stigmergy,123,64,10.0,,1.5,6.0,stigmergy_decay_threshold_sweep,0.99,2.0,0.9375,0.9308544541091782
184,stigmergy,123,64,10.0,,1.5,6.0,stigmergy_decay_threshold_sweep,0.99,2.0,0.9375,0.9308544541091782
342,stigmergy,123,128,5.5,,1.5,3.0,stigmergy_decay_threshold_sweep,0.99,1.0,0.90625,0.8588048015396921
170,stigmergy,123,64,10.0,,1.5,9.0,stigmergy_decay_threshold_sweep,0.9,3.0,0.0,1.249750049990002e-05
170,stigmergy,123,64,10.0,,1.5,9.0,stigmergy_decay_threshold_sweep,0.9,3.0,0.0,1.249750049990002e-05
24,stigmergy,123,64,3.0,,1.5,9.0,stigmergy_decay_threshold_sweep,0.99,1.0,0.0,0.0
24,stigmergy,123,64,3.0,,1.5,9.0,stigmergy_decay_threshold_sweep,0.99,1.0,0.0,0.0
389,stigmergy,123,128,5.5,,3.5,3.0,stigmergy_decay_threshold_sweep,0.95,3.0,0.9609375,0.950689549590082
177,stigmergy,123,64,10.0,,1.5,9.0,stigmergy_decay_threshold_sweep,0.95,1.0,0.0,1.249750049990002e-05
177,stigmergy,123,64,10.0,,1.5,9.0,stigmergy_decay_threshold_sweep,0.95,1.0,0.0,1.249750049990002e-05
345,stigmergy,123,128,5.5,,1.5,6.0,stigmergy_decay_threshold_sweep,0.99,1.0,0.0,0.0
183,stigmergy,123,64,10.0,,1.5,6.0,stigmergy_decay_threshold_sweep,0.99,1.0,0.0,1.249750049990002e-05
183,stigmergy,123,64,10.0,,1.5,6.0,stigmergy_decay_threshold_sweep,0.99,1.0,0.0,1.249750049990002e-05
148,stigmergy,123,64,5.5,,3.5,6.0,stigmergy_decay_threshold_sweep,0.95,2.0,0.0,1.874625074985003e-05
148,stigmergy,123,64,5.5,,3.5,6.0,stigmergy_decay_threshold_sweep,0.95,2.0,0.0,1.874625074985003e-05
23,stigmergy,123,64,3.0,,1.5,6.0,stigmergy_decay_threshold_sweep,0.99,3.0,0.5625,0.5064205908818237
23,stigmergy,123,64,3.0,,1.5,6.0,stigmergy_decay_threshold_sweep,0.99,3.0,0.5625,0.5064205908818237
141,stigmergy,123,64,5.5,,3.5,9.0,stigmergy_decay_threshold_sweep,0.9,1.0,0.0,0.0
141,stigmergy,123,64,5.5,,3.5,9.0,stigmergy_decay_threshold_sweep,0.9,1.0,0.0,0.0
373,stigmergy,123,128,5.5,,2.5,6.0,stigmergy_decay_threshold_sweep,0.99,2.0,0.9140625,0.9522517371525695
4,stigmergy,123,64,3.0,,1.5,6.0,stigmergy_decay_threshold_sweep,0.9,2.0,0.0,0.0
4,stigmergy,123,64,3.0,,1.5,6.0,stigmergy_decay_threshold_sweep,0.9,2.0,0.0,0.0
387,stigmergy,123,128,5.5,,3.5,3.0,stigmergy_decay_threshold_sweep,0.95,1.0,0.8359375,0.8498675264947011
15,stigmergy,123,64,3.0,,1.5,9.0,stigmergy_decay_threshold_sweep,0.95,1.0,0.0,0.0
15,stigmergy,123,64,3.0,,1.5,9.0,stigmergy_decay_threshold_sweep,0.95,1.0,0.0,0.0
380,stigmergy,123,128,5.5,,3.5,3.0,stigmergy_decay_threshold_sweep,0.9,3.0,0.8984375,0.8965566261747651
3,stigmergy,123,64,3.0,,1.5,6.0,stigmergy_decay_threshold_sweep,0.9,1.0,0.0,0.0
3,stigmergy,123,64,3.0,,1.5,6.0,stigmergy_decay_threshold_sweep,0.9,1.0,0.0,0.0
374,stigmergy,123,128,5.5,,2.5,6.0,stigmergy_decay_threshold_sweep,0.99,3.0,0.9453125,0.9622294291141772
146,stigmergy,123,64,5.5,,3.5,3.0,stigmergy_decay_threshold_sweep,0.95,3.0,0.875,0.9005573885222955
146,stigmergy,123,64,5.5,,3.5,3.0,stigmergy_decay_threshold_sweep,0.95,3.0,0.875,0.9005573885222955
12,stigmergy,123,64,3.0,,1.5,6.0,stigmergy_decay_threshold_sweep,0.95,1.0,0.0,0.0
12,stigmergy,123,64,3.0,,1.5,6.0,stigmergy_decay_threshold_sweep,0.95,1.0,0.0,0.0
179,stigmergy,123,64,10.0,,1.5,9.0,stigmergy_decay_threshold_sweep,0.95,3.0,0.0,1.249750049990002e-05
179,stigmergy,123,64,10.0,,1.5,9.0,stigmergy_decay_threshold_sweep,0.95,3.0,0.0,1.249750049990002e-05
328,stigmergy,123,128,5.5,,1.5,6.0,stigmergy_decay_threshold_sweep,0.9,2.0,0.0,0.0
85,stigmergy,123,64,5.5,,1.5,6.0,stigmergy_decay_threshold_sweep,0.9,2.0,0.0,0.0
85,stigmergy,123,64,5.5,,1.5,6.0,stigmergy_decay_threshold_sweep,0.9,2.0,0.0,0.0
71,stigmergy,123,64,3.0,,3.5,9.0,stigmergy_decay_threshold_sweep,0.95,3.0,0.0,0.0
71,stigmergy,123,64,3.0,,3.5,9.0,stigmergy_decay_threshold_sweep,0.95,3.0,0.0,0.0
317,stigmergy,123,128,3.0,,3.5,3.0,stigmergy_decay_threshold_sweep,0.99,3.0,0.96875,0.9432941536692662
125,stigmergy,123,64,5.5,,2.5,9.0,stigmergy_decay_threshold_sweep,0.95,3.0,0.0,0.0
125,stigmergy,123,64,5.5,,2.5,9.0,stigmergy_decay_threshold_sweep,0.95,3.0,0.0,0.0
76,stigmergy,123,64,3.0,,3.5,6.0,stigmergy_decay_threshold_sweep,0.99,2.0,0.875,0.8640834333133374
76,stigmergy,123,64,3.0,,3.5,6.0,stigmergy_decay_threshold_sweep,0.99,2.0,0.875,0.8640834333133374
82,stigmergy,123,64,5.5,,1.5,3.0,stigmergy_decay_threshold_sweep,0.9,2.0,0.015625,0.0003280593881223755
82,stigmergy,123,64,5.5,,1.5,3.0,stigmergy_decay_threshold_sweep,0.9,2.0,0.015625,0.0003280593881223755
49,stigmergy,123,64,3.0,,2.5,6.0,stigmergy_decay_threshold_sweep,0.99,2.0,0.65625,0.7514059688062388
49,stigmergy,123,64,3.0,,2.5,6.0,stigmergy_decay_threshold_sweep,0.99,2.0,0.65625,0.7514059688062388
122,stigmergy,123,64,5.5,,2.5,6.0,stigmergy_decay_threshold_sweep,0.95,3.0,0.0,0.00011872625474905018
122,stigmergy,123,64,5.5,,2.5,6.0,stigmergy_decay_threshold_sweep,0.95,3.0,0.0,0.00011872625474905018
310,stigmergy,123,128,3.0,,3.5,6.0,stigmergy_decay_threshold_sweep,0.95,2.0,0.0,6.24875024995001e-05
40,stigmergy,123,64,3.0,,2.5,6.0,stigmergy_decay_threshold_sweep,0.95,2.0,0.0,1.249750049990002e-05
40,stigmergy,123,64,3.0,,2.5,6.0,stigmergy_decay_threshold_sweep,0.95,2.0,0.0,1.249750049990002e-05
319,stigmergy,123,128,3.0,,3.5,6.0,stigmergy_decay_threshold_sweep,0.99,2.0,0.90625,0.9304529719056189
114,stigmergy,123,64,5.5,,2.5,9.0,stigmergy_decay_threshold_sweep,0.9,1.0,0.0,0.0
114,stigmergy,123,64,5.5,,2.5,9.0,stigmergy_decay_threshold_sweep,0.9,1.0,0.0,0.0
326,stigmergy,123,128,5.5,,1.5,3.0,stigmergy_decay_threshold_sweep,0.9,3.0,0.0078125,0.0022089332133573285
47,stigmergy,123,64,3.0,,2.5,3.0,stigmergy_decay_threshold_sweep,0.99,3.0,0.875,0.9267896420715857
47,stigmergy,123,64,3.0,,2.5,3.0,stigmergy_decay_threshold_sweep,0.99,3.0,0.875,0.9267896420715857
321,stigmergy,123,128,3.0,,3.5,9.0,stigmergy_decay_threshold_sweep,0.99,1.0,0.0,0.0
113,stigmergy,123,64,5.5,,2.5,6.0,stigmergy_decay_threshold_sweep,0.9,3.0,0.0,0.0
113,stigmergy,123,64,5.5,,2.5,6.0,stigmergy_decay_threshold_sweep,0.9,3.0,0.0,0.0
78,stigmergy,123,64,3.0,,3.5,9.0,stigmergy_decay_threshold_sweep,0.99,1.0,0.0,0.0
78,stigmergy,123,64,3.0,,3.5,9.0,stigmergy_decay_threshold_sweep,0.99,1.0,0.0,0.0
147,stigmergy,123,64,5.5,,3.5,6.0,stigmergy_decay_threshold_sweep,0.95,1.0,0.0,0.0
147,stigmergy,123,64,5.5,,3.5,6.0,stigmergy_decay_threshold_sweep,0.95,1.0,0.0,0.0
375,stigmergy,123,128,5.5,,2.5,9.0,stigmergy_decay_threshold_sweep,0.99,1.0,0.0,0.0
2,stigmergy,123,64,3.0,,1.5,3.0,stigmergy_decay_threshold_sweep,0.9,3.0,0.015625,0.00046553189362127576
2,stigmergy,123,64,3.0,,1.5,3.0,stigmergy_decay_threshold_sweep,0.9,3.0,0.015625,0.00046553189362127576
381,stigmergy,123,128,5.5,,3.5,6.0,stigmergy_decay_threshold_sweep,0.9,1.0,0.0,0.0
178,stigmergy,123,64,10.0,,1.5,9.0,stigmergy_decay_threshold_sweep,0.95,2.0,0.0,1.249750049990002e-05
178,stigmergy,123,64,10.0,,1.5,9.0,stigmergy_decay_threshold_sweep,0.95,2.0,0.0,1.249750049990002e-05
13,stigmergy,123,64,3.0,,1.5,6.0,stigmergy_decay_threshold_sweep,0.95,2.0,0.0,0.0
13,stigmergy,123,64,3.0,,1.5,6.0,stigmergy_decay_threshold_sweep,0.95,2.0,0.0,0.0
386,stigmergy,123,128,5.5,,3.5,9.0,stigmergy_decay_threshold_sweep,0.9,3.0,0.0,0.0
5,stigmergy,123,64,3.0,,1.5,6.0,stigmergy_decay_threshold_sweep,0.9,3.0,0.0,0.0
5,stigmergy,123,64,3.0,,1.5,6.0,stigmergy_decay_threshold_sweep,0.9,3.0,0.0,0.0
372,stigmergy,123,128,5.5,,2.5,6.0,stigmergy_decay_threshold_sweep,0.99,1.0,0.9140625,0.9005745725854829
140,stigmergy,123,64,5.5,,3.5,6.0,stigmergy_decay_threshold_sweep,0.9,3.0,0.0,0.0
140,stigmergy,123,64,5.5,,3.5,6.0,stigmergy_decay_threshold_sweep,0.9,3.0,0.0,0.0
14,stigmergy,123,64,3.0,,1.5,6.0,stigmergy_decay_threshold_sweep,0.95,3.0,0.0,1.5621875624875025e-05
14,stigmergy,123,64,3.0,,1.5,6.0,stigmergy_decay_threshold_sweep,0.95,3.0,0.0,1.5621875624875025e-05
182,stigmergy,123,64,10.0,,1.5,3.0,stigmergy_decay_threshold_sweep,0.99,3.0,0.96875,0.9804164167166567
182,stigmergy,123,64,10.0,,1.5,3.0,stigmergy_decay_threshold_sweep,0.99,3.0,0.96875,0.9804164167166567
344,stigmergy,123,128,5.5,,1.5,3.0,stigmergy_decay_threshold_sweep,0.99,3.0,0.9609375,0.9567352154569086
176,stigmergy,123,64,10.0,,1.5,6.0,stigmergy_decay_threshold_sweep,0.95,3.0,0.0,4.999000199960008e-05
176,stigmergy,123,64,10.0,,1.5,6.0,stigmergy_decay_threshold_sweep,0.95,3.0,0.0,4.999000199960008e-05
22,stigmergy,123,64,3.0,,1.5,6.0,stigmergy_decay_threshold_sweep,0.99,2.0,0.1875,0.21038292341531695
22,stigmergy,123,64,3.0,,1.5,6.0,stigmergy_decay_threshold_sweep,0.99,2.0,0.1875,0.21038292341531695
149,stigmergy,123,64,5.5,,3.5,6.0,stigmergy_decay_threshold_sweep,0.95,3.0,0.765625,0.26319736052789444
149,stigmergy,123,64,5.5,,3.5,6.0,stigmergy_decay_threshold_sweep,0.95,3.0,0.765625,0.26319736052789444
171,stigmergy,123,64,10.0,,1.5,3.0,stigmergy_decay_threshold_sweep,0.95,1.0,0.015625,0.0005092731453709258
171,stigmergy,123,64,10.0,,1.5,3.0,stigmergy_decay_threshold_sweep,0.95,1.0,0.015625,0.0005092731453709258
343,stigmergy,123,128,5.5,,1.5,3.0,stigmergy_decay_threshold_sweep,0.99,2.0,0.953125,0.9385763472305539
185,stigmergy,123,64,10.0,,1.5,6.0,stigmergy_decay_threshold_sweep,0.99,3.0,0.96875,0.9742176564687063
185,stigmergy,123,64,10.0,,1.5,6.0,stigmergy_decay_threshold_sweep,0.99,3.0,0.96875,0.9742176564687063
25,stigmergy,123,64,3.0,,1.5,9.0,stigmergy_decay_threshold_sweep,0.99,2.0,0.0,3.124375124975005e-05
25,stigmergy,123,64,3.0,,1.5,9.0,stigmergy_decay_threshold_sweep,0.99,2.0,0.0,3.124375124975005e-05
388,stigmergy,123,128,5.5,,3.5,3.0,stigmergy_decay_threshold_sweep,0.95,2.0,0.9296875,0.9278847355528894
